ID;Sincerity;Fairness;GreedAvoidance;Modesty;Fearfulness;Anxiety;Dependence;Sentimentality;SocialSelfEsteem;SocialBoldness;Sociability;Liveliness;Forgiveness;Gentleness;Flexibility;Patience;Organisation;Diligence;Perfectionism;Prudence;AestheticAppreciation;Inquisitiveness;Creativity;Unconventionality;Altruism;HonestyHumility;Emotionality;Extraversion;Agreeableness;Conscientiousness;Openness
1;2.75;2.25;3.5;3.25;3.75;2.5;3;3;1.75;3.5;4;2.25;2;3.25;1.75;2.25;2.25;2.5;3;3;2.75;1.25;1.25;3.25;3.25;2.9375;3.0625;2.875;2.3125;2.6875;2.125
2;3;2.75;2;2.75;2.75;2.5;2.25;2.25;2.5;3.25;3;3;2.25;2.75;2.75;3.75;2.5;3;2.75;3.75;2.75;2.75;2.75;2.75;2.5;2.625;2.4375;2.9375;2.875;3;2.75
3;3.5;4.25;3.5;2.75;2.75;2.5;2.5;2.5;3.25;3.5;3;3.5;2.75;3.75;3;3.5;3.25;3;3.25;3.75;2.75;3.25;3;3.25;2.5;3.5;2.5625;3.3125;3.25;3.3125;3.0625
4;3.5;3.5;4.5;2.5;4;3;2.75;2.5;2.5;3.25;4;3.5;2.75;3.5;2.25;3;3;2;3.5;2.5;2.5;2.75;3.25;3.25;3;3.5;3.0625;3.3125;2.875;2.75;2.9375
5;3;3.75;3.25;3.25;2.25;2.5;2.25;3.5;2.75;2.75;3.75;3;2.5;2.25;2;3.75;2.25;2.75;2;3.25;3;3;2.75;3;3.25;3.3125;2.625;3.0625;2.625;2.5625;2.9375
6;3;4;3.75;2.75;3.25;2.5;3.25;3.25;2.25;3;3.25;3;2.5;3.5;3.5;2.75;3;2.5;4;2.75;3;3.5;2.5;2.75;4.5;3.375;3.0625;2.875;3.0625;3.0625;2.9375
7;3;2.5;4.5;2.5;2.75;2.75;2.5;2.5;2.25;3.75;2.75;2.25;2.5;3.5;4;3.5;2;2.75;2.75;3.5;3.25;2.5;2.5;3.25;3;3.125;2.625;2.75;3.375;2.75;2.875
8;3;3.5;3.5;2.25;2;2;2.5;2.75;2.5;2.75;2.5;3;2.25;3;3;2.75;3;2;2;3;3.5;2.5;2.75;2.75;2.5;3.0625;2.3125;2.6875;2.75;2.5;2.875
9;3.25;3;1.5;3.25;2.5;1.25;2.75;1.5;2.75;3.25;1.5;2.5;2;2;1.75;3.5;2;2.25;3.75;2.75;2.25;2.25;3.5;2.75;1.5;2.75;2;2.5;2.3125;2.6875;2.6875
10;2.75;3.5;2.5;2.75;2.25;3;2.5;2.75;2.25;2.5;2.5;2.5;2;2.25;2.25;3.75;3;2.5;2;3.75;4.5;2;2.75;3.5;3;2.875;2.625;2.4375;2.5625;2.8125;3.1875
11;1.75;2.75;2.25;2;2.75;1.5;3.75;3.25;2.5;1.75;3;2.5;2.25;2.5;3;3.5;2.25;1.75;2;2.5;3.5;2.5;2.5;2.25;2.75;2.1875;2.8125;2.4375;2.8125;2.125;2.6875
12;3;2.5;3.25;2.75;2.25;3;2.75;3.25;2.75;3.5;2.75;3.25;3;2.75;2.25;2.75;3.25;2;3;2;2.75;3;2;2.75;2.5;2.875;2.8125;3.0625;2.6875;2.5625;2.625
13;2.75;3.5;3;2.5;3.25;2.5;2.5;2.5;2.5;3.5;3.25;3.5;3;3.75;2.5;3.25;3;3;2.5;3.75;3;2.75;2.5;3.75;3.5;2.9375;2.6875;3.1875;3.125;3.0625;3
14;3.5;3.5;4;3;3.5;3;3.25;2.75;3;1.25;2.75;3;2.5;3.5;2.25;3.5;2.5;2.25;2;2.75;3.5;2;3;3.5;3.5;3.5;3.125;2.5;2.9375;2.375;3
15;3.5;3;3.25;3.25;3.25;3;3;2.5;3.25;3.5;3.25;3;2.5;3;2.5;3.25;3;2.75;2.25;3.5;2.75;2;2.75;3.75;3;3.25;2.9375;3.25;2.8125;2.875;2.8125
16;2.5;3.75;3.75;2.75;2.5;1.75;3;2.75;3;3.5;2;3.75;2.5;2.75;2.5;2.25;2.25;4;3;3.5;3;3;3;2.5;3.25;3.1875;2.5;3.0625;2.5;3.1875;2.875
17;2.75;3;3;3;3.5;2.25;3;2.25;3;3.5;3.5;3;2;3.25;3.75;3.5;3.25;2.75;2.25;4.25;2.25;3.25;3.25;2.75;2.75;2.9375;2.75;3.25;3.125;3.125;2.875
18;2.75;3.5;3;3;4;3.25;2.75;2;3.25;3;3;3.75;3;3;3.25;3.25;2.75;3.25;2.5;3.25;3.25;3.5;3.25;3.25;3.5;3.0625;3;3.25;3.125;2.9375;3.3125
19;2.75;3.5;3;2.75;3;2.75;3;2.75;2.25;3;2.75;2.75;2.5;3;2.5;3;2.25;2.75;2.25;3.25;3;2.75;2.75;3.25;3;3;2.875;2.6875;2.75;2.625;2.9375
20;3.25;3.5;3.25;3;3.5;2.75;3;2.5;1.5;3.75;3.5;3.25;2.25;2.75;2.25;2.5;3.75;2.5;3;2.25;3.5;3;3;2.5;3;3.25;2.9375;3;2.4375;2.875;3
21;2.5;4;4.25;3.25;3.5;3;2.75;2;2.25;3.25;3.25;2.25;3;2;2.25;3.25;3.25;2.5;2.5;4.25;2.5;2.5;2.25;3;3;3.5;2.8125;2.75;2.625;3.125;2.5625
22;2.5;4;3;3.75;2;2.75;2.5;2.5;2.5;2.5;3;3.25;3;3.5;3;3.25;2.75;2.5;3;3.5;3.25;3;3;3.75;3.5;3.3125;2.4375;2.8125;3.1875;2.9375;3.25
23;2.75;3.25;2.5;3;3.75;2.25;3;2.5;3;3;3;3;3;2.5;3;4;3;3;3;3.75;3.5;3;3.25;3.25;3.25;2.875;2.875;3;3.125;3.1875;3.25
24;3.75;3;4.25;4.25;3.25;2.25;3;3;3;3.25;3.5;3.5;2.5;3;2.5;3.25;3;3;3;4;3;2.75;3;3.25;3.75;3.8125;2.875;3.3125;2.8125;3.25;3
25;2.75;3.25;3.25;3;4;2.75;2.25;3.25;3;3.75;3.5;3.5;2.25;2.75;2.5;3.25;4;2.5;2.5;3.5;3;2.75;2.5;3;4.5;3.0625;3.0625;3.4375;2.6875;3.125;2.8125
26;2.75;2.75;2.5;2.25;2.75;2.5;2.75;2.25;2.5;2.25;2.25;2.5;2.25;3;3;3;2.5;3;2;2.75;2;2.75;2.5;3;2.75;2.5625;2.5625;2.375;2.8125;2.5625;2.5625
27;3;2.25;2;1.75;3.75;2;3;2;1.25;2.75;3;2;1.75;3;1;3;2;3.5;4;2;3;4;3;1;2;2.25;2.6875;2.25;2.1875;2.875;2.75
28;3;3.25;3.75;3;2.5;2.5;2.5;3;1.75;3.25;3.75;2.5;2.75;3;3.25;3;3.25;2.5;2.25;3.75;3;3.5;3;2.5;3;3.25;2.625;2.8125;3;2.9375;3
29;2.75;3.75;3;3.5;2.5;2.75;2.5;3.25;2.5;3.25;3;3.25;1.75;3.25;2.5;3.25;2.5;2.75;2.75;4;3;2.25;2.75;2.75;3.25;3.25;2.75;3;2.6875;3;2.6875
30;4;3.25;2.75;3;2.5;2.5;2.5;3.25;3;2.75;3;2.5;2.5;3;3.5;3;3.25;2.75;3.25;3.25;2.5;3.5;2;3;3;3.25;2.6875;2.8125;3;3.125;2.75
31;3.75;3.5;3.25;3.5;3.25;3;2.5;3;2.5;4;3.25;3.25;3.5;2.5;3;3.25;2.75;3;2.5;4.25;3;2.75;3;2.75;2.75;3.5;2.9375;3.25;3.0625;3.125;2.875
32;2.75;2.5;2.25;2.5;3.5;2.75;2.75;2;2.25;2.75;3.75;2.75;1.75;2;2;3.25;2.25;2;2.25;2.25;3.25;2.75;2.75;2.5;2.5;2.5;2.75;2.875;2.25;2.1875;2.8125
33;3;4;2.75;3;2.5;3;3;2.5;3.25;3.25;1.75;3.5;2.5;2.75;2.75;3.5;2.75;3;3.5;3.5;3.5;2.75;3;2.75;3.25;3.1875;2.75;2.9375;2.875;3.1875;3
34;2.5;3.5;3;3.25;3;3.25;3.5;2.5;3;2;1.75;2.75;2;3.5;3;3;3.25;3;2;3.75;3.5;3.5;3;2.5;1.75;3.0625;3.0625;2.375;2.875;3;3.125
35;2.75;3;3.25;2.75;3.75;2.5;2.5;2.5;2.5;2;3.75;3.25;2.5;3.25;2.25;3;3.25;2.75;3;3.5;2.5;2.5;2.5;2.5;3.25;2.9375;2.8125;2.875;2.75;3.125;2.5
36;2.75;3.75;2.75;3;3.25;3.25;2.5;2.75;2.5;2.75;3.25;2.5;2.25;1.75;2.25;2.25;3.5;2.5;2.5;2.75;2.25;2.5;2;1.75;2.5;3.0625;2.9375;2.75;2.125;2.8125;2.125
37;3.25;3.75;3.25;2.75;3.5;3;3.25;2.75;3;3.5;2.5;3.25;2.25;3.75;3.75;3;3;3.5;2.75;4;3.25;3.25;2.75;3.75;2.75;3.25;3.125;3.0625;3.1875;3.3125;3.25
38;2.5;2.75;3;3;3.25;2.75;2.75;2.75;2.5;3.25;3.25;2.75;3.25;3;3.5;3.25;3;3;3.25;3.5;3;2.75;3.25;2.25;3;2.8125;2.875;2.9375;3.25;3.1875;2.8125
39;2.75;2.25;4;2.25;3.5;3.25;2.75;2.5;2.75;2.75;2.75;3.5;2.5;3;2.5;3.25;3;2.75;3;3.25;2.75;3;2.75;2.75;2.25;2.8125;3;2.9375;2.8125;3;2.8125
40;3;4;3.5;3;2.5;2.25;3;3;3.25;2.5;2.25;2.5;2.5;2;2.5;3.5;2.5;2.75;2.5;3.5;3.25;2.75;3.25;3;3;3.375;2.6875;2.625;2.625;2.8125;3.0625
41;3;3.25;2.25;3;3.75;3;2.75;2.25;2.75;3.5;3.5;2.75;2.75;2.75;2.5;3.25;3.75;3;3.25;3.5;3;3;3.25;3.25;2.25;2.875;2.9375;3.125;2.8125;3.375;3.125
42;3;3.25;3.25;3;2;2.5;3;3;3;3;2.75;3.25;3;2.75;4;3;3;3;2.75;3.5;3.5;3.25;2.75;2;4;3.125;2.625;3;3.1875;3.0625;2.875
43;3;3.5;1.5;2.25;2.75;2;1;2.25;2;2.25;1.5;3.25;2.75;2;1.5;2.5;2.75;1.25;3;4.25;2.5;3.5;3;3.25;3;2.5625;2;2.25;2.1875;2.8125;3.0625
44;1.75;3.75;2.75;2.75;3.25;3;1.5;1.5;2;3.25;2;2;2.5;2.25;2.75;3.25;2.75;2.25;3;3.5;3;2.25;3;3.5;3;2.75;2.3125;2.3125;2.6875;2.875;2.9375
45;3;3.25;2.75;2;3;2.75;2.75;2.5;2.25;3;3.5;3.25;2.5;3;2.5;4;3;2;2.25;2.5;2.5;2.75;2.5;3;3.5;2.75;2.75;3;3;2.4375;2.6875
46;2.75;2.25;2.25;3;2.5;3;2.5;1.5;2.25;3;3.25;3.25;2.75;2.5;2.5;3.25;2.5;2.75;3;2.5;2.5;3.5;2.5;2.5;3;2.5625;2.375;2.9375;2.75;2.6875;2.75
47;2.5;3;3;2.25;2.25;3.75;2.5;2.25;3.25;1.25;2.5;1.25;2.25;2;3;3.25;2.5;1.75;2.25;3;3.25;1.25;1.25;3.5;3.75;2.6875;2.6875;2.0625;2.625;2.375;2.3125
48;3;1.75;2.75;3.25;3.25;3;3;2.75;3.5;2;3;3;2.5;3.5;2;3.5;3;3.75;3;3;4;3.5;3;2.75;3.5;2.6875;3;2.875;2.875;3.1875;3.3125
49;2.75;4;2.75;3;3;3;2.25;2;2;3;3.25;2.25;2;3.25;3.25;2.75;2.5;1.5;2.25;4;3.25;3;2.25;3.5;3;3.125;2.5625;2.625;2.8125;2.5625;3
50;3.25;2.5;3;2.5;2.25;3;2.5;3.5;3;2.5;2;2.25;2.75;2.5;3.25;2.25;2.25;3.25;2.75;3;2;1.75;2;2.25;2.25;2.8125;2.8125;2.4375;2.6875;2.8125;2
51;3;2.5;3.5;3.5;3.75;2.75;2.25;3;3.5;4;4;2.5;3.25;2.75;3.5;3.5;3.5;2.5;3.25;3.25;2.5;3.5;3.25;3;3.5;3.125;2.9375;3.5;3.25;3.125;3.0625
52;3;3;2.75;3.25;3.25;2.75;3;2.75;3.75;2.5;2.75;2.75;2.75;3;2.5;2.25;2;3.25;3.25;3.5;3;2.25;3.5;3.25;2.75;3;2.9375;2.9375;2.625;3;3
53;2.25;2.5;2.5;3.5;2;3.25;2;2;2.25;2.25;3;2.5;2.75;3;2.75;2.25;3.25;2;2.75;3;3.5;2.5;3;2.75;2.25;2.6875;2.3125;2.5;2.6875;2.75;2.9375
54;4;4.25;4;3.25;3.25;3;2.75;2.5;3;3;4;3.5;3.25;2.5;2;3;2.25;2;2.25;3.25;3;3;3;3.5;2.5;3.875;2.875;3.375;2.6875;2.4375;3.125
55;2.25;1.5;3.25;3.25;3;3.5;3.5;2.75;2.75;2.25;3.25;3.5;2.5;4.25;2.25;2;3.25;1.75;3.5;2.75;2.5;2.75;2;2.5;3.5;2.5625;3.1875;2.9375;2.75;2.8125;2.4375
56;2.25;2.25;1.75;2.25;2.75;2.25;2.5;2.75;2.75;3.25;2;3.75;2.25;2.75;3;2.5;3.5;2.25;2.75;2.75;2.75;3.5;2.5;2.25;2.5;2.125;2.5625;2.9375;2.625;2.8125;2.75
57;2.5;4;3.75;3.25;3;2.75;2.5;2.5;2.75;3;3.5;3.25;2;2.25;3.5;3.5;2.25;3;2.5;3;3;3.25;3;2.5;2.75;3.375;2.6875;3.125;2.8125;2.6875;2.9375
58;2.5;3.25;3.25;3.25;2.5;2.5;2.5;2.75;3.25;3;3;2.75;2.25;2.5;2.75;3.25;2.5;2.75;2.5;3.5;3.25;2;3;2.75;3;3.0625;2.5625;3;2.6875;2.8125;2.75
59;3;2.25;3.5;3;2.5;3.5;2.5;2.5;3;2;3;3.5;3.25;3;3;2.5;3.5;2.5;3;4;2.5;3.25;2.5;3;3;2.9375;2.75;2.875;2.9375;3.25;2.8125
60;2.25;2.5;2.25;2.5;2.75;2.25;2.75;2.5;2.75;2.75;2.75;2.5;3;2;2.25;2.75;2.5;2.5;3;2.5;2.5;2.75;2.75;2.5;2.25;2.375;2.5625;2.6875;2.5;2.625;2.625
61;2.5;2.75;3.25;2.75;3;3.25;2.25;2.5;2.25;3.25;3.5;3.75;3;2.75;2;3.5;2.75;2.75;2.75;2.5;2.25;3;2.25;3;2;2.8125;2.75;3.1875;2.8125;2.6875;2.625
62;3;1.75;3.25;3.25;2.5;2.5;2.25;2.5;2.75;2.75;2;2.75;2.5;3;1.75;3;2.5;3;2.5;2.75;2.25;2;3;3.25;3.25;2.8125;2.4375;2.5625;2.5625;2.6875;2.625
63;3.25;3;2.75;3;3.5;2.25;2.25;3.75;3.25;3;3;3.25;2.5;3.5;2;3.5;3.25;2.75;3.75;2.75;3;2.75;3;3.25;2.5;3;2.9375;3.125;2.875;3.125;3
64;3.5;2.5;3.5;3;2.75;2.25;2.75;1.75;2.75;2.75;1.5;2.5;1.5;2.75;2;3.25;2.25;2.5;2;3.25;2.5;3.25;3;3;3;3.125;2.375;2.375;2.375;2.5;2.9375
65;3;4.25;3;3.25;2.75;2.25;2.5;1.75;2.75;2;2.75;3.25;2.75;2;2.5;3.5;3;2.5;3.25;3.5;3.5;3;2.75;3.25;3;3.375;2.3125;2.6875;2.6875;3.0625;3.125
66;4;3;1.75;3.25;3;3.75;3.5;2.25;3.25;4.25;3;4;2.5;3;3.75;3.5;2.25;3;3;3.5;2.75;3.75;2.75;2.75;2.75;3;3.125;3.625;3.1875;2.9375;3
67;2.5;3.5;3.75;2.75;3.25;3;3;2;1.75;2;3.25;2.75;2.5;2.75;3;3;2.75;2.75;2.75;2.75;3;3;2.75;3;3.75;3.125;2.8125;2.4375;2.8125;2.75;2.9375
68;3;2.5;3;3;2.5;2.5;3;3.5;2.75;2.75;3;2.75;2;3.5;3.5;3;3.5;2.25;3;3.25;3.5;3.25;3;3.25;3.25;2.875;2.875;2.8125;3;3;3.25
69;1.75;2.75;2;1.75;2.75;1.75;1.75;1.75;2.25;2.75;1.5;2.5;2.5;1.5;1.75;3.25;2.75;1.5;2.5;2.75;3;1.25;3.25;2.25;3.5;2.0625;2;2.25;2.25;2.375;2.4375
70;2.5;3.75;1.75;2.5;3.25;3.5;3.25;3;2.25;2.25;2.75;2.75;3.25;3.5;3.25;2;3;2.75;1.75;2.25;3.25;3.75;2.75;2.5;2.5;2.625;3.25;2.5;3;2.4375;3.0625
71;3;2.5;3;4;3;3.25;3.25;2.75;3.25;4.5;4.25;3;2.75;3;2.25;3.5;3;3.5;2.5;3.5;2.25;3.25;3;3.25;2.75;3.125;3.0625;3.75;2.875;3.125;2.9375
72;3.25;2.5;2;2.5;2.75;3.25;2.75;2.75;3.25;2.75;2.75;3.5;2.5;3.25;2.5;3.25;2.75;2.75;2.25;3.5;2.75;2.75;2.5;3.25;3;2.5625;2.875;3.0625;2.875;2.8125;2.8125
73;2.75;3.25;4;3.25;3.5;3;3;2.5;2.75;3.5;3.5;3.25;2.5;3;3.5;3.5;3;3.25;3;3.75;2.75;3.25;2.75;2.5;3.75;3.3125;3;3.25;3.125;3.25;2.8125
74;3.75;3.5;4.5;3.25;3.25;3;2.5;2;2.25;3.5;4;3;2;3;2.5;2.25;3.25;3;2.75;2.75;3.75;2.25;1.75;3;3.75;3.75;2.6875;3.1875;2.4375;2.9375;2.6875
75;2.75;3.25;3.5;2.75;3;3;3;2.75;2;2.75;3;3;2.25;2.25;2.75;3.5;2.25;2.5;2.5;3;2.75;3.25;3;3.5;2.75;3.0625;2.9375;2.6875;2.6875;2.5625;3.125
76;2.5;2.25;2.25;2.25;2.5;2.75;2;2.75;2;2.5;2.5;3;2;2.75;2.5;3.25;2;2.25;2.75;2.5;2.25;2.5;2.5;2.5;3;2.3125;2.5;2.5;2.625;2.375;2.4375
77;2.25;1.75;2.75;2;2.75;2.75;1.75;3;2.75;3.25;3.5;2.5;2.5;2.5;1.75;2.5;3;3;3;2.5;3;3;2.75;2.25;2;2.1875;2.5625;3;2.3125;2.875;2.75
78;3;1.75;1.5;2.75;3;3;2.5;2;2.5;2.75;4.25;3;3.25;3;2;2.75;2;2.25;2.75;2.5;3;3.25;2.75;2.25;2;2.25;2.625;3.125;2.75;2.375;2.8125
79;3.25;4;3.75;2.75;3;1.5;2.75;2.75;3;3.75;3.75;3.25;2;2.5;3.25;3;2.25;2.5;3;3.25;3;3;2.75;3;3;3.4375;2.5;3.4375;2.6875;2.75;2.9375
80;3;3.5;3;2.75;2.5;1.75;2.5;2.5;2.25;2.5;3.5;3;2.5;3.75;2.5;3.5;3;3;3;3.75;2.75;3;2.5;3;3.25;3.0625;2.3125;2.8125;3.0625;3.1875;2.8125
81;2.5;4;3.25;2.5;3;2.25;2;3;2.5;3.5;3.5;3.75;3;2;2.75;2.75;2.5;2.5;3.25;3.75;2;2;2.5;2.75;2.75;3.0625;2.5625;3.3125;2.625;3;2.3125
82;3.25;3.5;4.25;3;3.5;2.25;2.75;2;2.25;2.75;2.5;3;2.5;2.75;2.25;3;1.75;2.5;1.75;4.25;3.25;3;2.5;3.75;3;3.5;2.625;2.625;2.625;2.5625;3.125
83;2.5;3.75;2.5;2.5;3.25;2.75;3;2.25;2.25;3.5;3.75;3.75;2.25;1.75;3;1.75;1.75;2.75;2.75;3.75;2.5;2;3;3.25;3.75;2.8125;2.8125;3.3125;2.1875;2.75;2.6875
84;3;3;3;2.75;3.75;2;3;2.25;3;2.75;2.25;3.25;3;2.75;1.5;2.75;3;2.75;3.25;3.5;3.25;2.75;2.5;2.5;3.5;2.9375;2.75;2.8125;2.5;3.125;2.75
85;3;2;1.5;3.5;2.25;2.5;3;3;3.25;3.25;2.75;2.5;3.25;3;2.75;2.25;4;2;2.75;3.75;2.25;3;2.75;2.75;2.5;2.5;2.6875;2.9375;2.8125;3.125;2.6875
86;2.5;3.25;3;3.25;2.5;2.5;3;3;2.5;4;2.5;2.5;2.75;2.25;3.5;2.25;2.5;2.5;3.25;3;3.25;2.75;2.75;2.5;2.25;3;2.75;2.875;2.6875;2.8125;2.8125
87;2;2.75;2.25;2.5;3.75;2.75;2.5;2.25;2.5;2.75;2.25;3;2.25;2.5;2.75;3.25;2.75;3;2.75;2.5;3;2.75;3;3;2.75;2.375;2.8125;2.625;2.6875;2.75;2.9375
88;3.25;2.25;3.5;2.75;2.5;2.5;3;2.25;2;1.5;2.25;2;2.25;3.5;2.5;3.25;2.75;3.25;3.5;4;2.75;3.5;2.75;3.75;3;2.9375;2.5625;1.9375;2.875;3.375;3.1875
89;2.75;3.75;4.5;3;2.25;2.25;2.75;2.25;3;2.25;2.5;3;2.5;3.75;3.25;3.25;2.75;2.5;2.75;3.75;3;3;2.75;3.5;2.5;3.5;2.375;2.6875;3.1875;2.9375;3.0625
90;3.25;2.75;3.5;3.25;3;3.25;3;2;2.75;3;2.75;2.75;3.5;3;3;2.75;2.75;2.5;2.5;2.5;2;2.5;3;2.5;2;3.1875;2.8125;2.8125;3.0625;2.5625;2.5
91;2.75;2.5;2;2.25;2.75;3;2.5;2.75;2.5;2.75;2.75;3.25;2;2.75;1.75;2.75;2.5;2.5;1.5;3.5;2.5;3;2.5;3;2.5;2.375;2.75;2.8125;2.3125;2.5;2.75
92;3.25;2;2.75;3;2.25;2.25;2.25;2.25;2;3.75;2.75;2.5;3.25;3.75;2.25;3;2.25;2.75;2.75;3.5;2;2.5;2.25;3;3.25;2.75;2.25;2.75;3.0625;2.8125;2.4375
93;3;2.25;1.75;2.25;2;3;3;2.25;2.25;3;4.25;3.25;2;2.75;2.5;3.5;2.5;2.75;3.75;2.75;3;3.25;1.75;1.75;1.75;2.3125;2.5625;3.1875;2.6875;2.9375;2.4375
94;3.5;2.75;2;2.5;2.25;3;1.75;1.5;2;2.5;2.5;1.75;1.75;2.25;1.75;2.25;3.25;2.5;2;3.75;3;3.25;1.75;2.25;2.5;2.6875;2.125;2.1875;2;2.875;2.5625
95;2.75;3.5;3;3.25;3.5;2.25;2;2.75;1.75;3;3.75;3;2;3.5;2;2.75;3;3;2.5;3.5;2.5;2.75;2.25;3.5;2.5;3.125;2.625;2.875;2.5625;3;2.75
96;3.25;3.25;2.5;3;3.25;2.75;3;2.75;2.75;3.75;2.25;3;2.75;2.75;2.5;3.5;2.75;2.75;3;3.25;3;3.25;2.5;2.75;2.75;3;2.9375;2.9375;2.875;2.9375;2.875
97;2.25;3;1;2.25;2.25;2.25;1.5;2;2;2;3;3.5;3.25;2.25;2.5;2.75;1.75;2;2;2.25;1.75;2.5;2.5;2.25;3.25;2.125;2;2.625;2.6875;2;2.25
98;3.25;4.5;1.5;2.5;4;2.75;1.5;2;2;2.75;2.5;2.5;2.5;2.75;2.25;3;2.25;2.5;2;2;3;2.75;3.25;3;2.75;2.9375;2.5625;2.4375;2.625;2.1875;3
99;2.75;3.75;3.5;3.25;3.25;2.75;2.5;2.75;3.25;3.25;3.25;2.75;2.75;2.75;3.25;3.25;3;3;2.5;3;3.5;3.5;2.5;3.5;3.25;3.3125;2.8125;3.125;3;2.875;3.25
100;3;2;2.25;3.5;2.75;2.5;3;2.5;2.5;3;4;2.75;2.75;4;1.75;3.5;3;2.75;4.25;2.5;3;4;2.75;2.75;3.75;2.6875;2.6875;3.0625;3;3.125;3.125
101;3;3.25;1.75;3;3;3;3.25;3.25;3.5;2.75;2.25;3.5;1.75;2;2.5;2.5;2.75;3.25;2.75;3.25;2.25;3.5;2.75;2.75;1.75;2.75;3.125;3;2.1875;3;2.8125
102;2.75;3.25;3.5;3;3.5;2.5;3;2.5;2.5;3;2.75;3.25;3.25;3;3;3;2.75;2.5;3.25;3;3.5;2.25;2.75;3.5;3.25;3.125;2.875;2.875;3.0625;2.875;3
103;3.75;4.25;2.25;3;2.25;2.25;3;2.5;3.25;3;3.75;3;2;3;2.25;4;2.75;3.25;2;3.5;2.75;3.75;2.75;2.5;2.5;3.3125;2.5;3.25;2.8125;2.875;2.9375
104;2.5;3.25;3.5;3;2.75;2.5;3;2.5;3;3.25;3.25;3;3;2.75;2.75;3;3;3;2.5;3.75;2.75;3.75;2.75;3;3.25;3.0625;2.6875;3.125;2.875;3.0625;3.0625
105;3.25;3.5;2.75;2.5;3.5;3;3.5;2.75;2.75;3;2.25;3;2.75;3;2.25;3.5;2.25;3;3;3;3;3;3;3.25;3;3;3.1875;2.75;2.875;2.8125;3.0625
106;3.5;2;2;3.25;3.25;2.5;2.75;4;2.75;3;3.75;3.5;2.75;3.5;2.25;3.25;3.25;2.25;2.25;4;2.5;3.25;2.5;3.25;2;2.6875;3.125;3.25;2.9375;2.9375;2.875
107;3;2;2.5;3;1.5;2;2.25;2.25;2.25;3.5;2.25;3;2.75;3.5;1.75;3.75;2.5;3.25;3;3.25;1.75;2.5;3;2.75;3.25;2.625;2;2.75;2.9375;3;2.5
108;3;3.75;2.25;3.5;3;2.25;2.25;1.75;2.25;2.75;3;2.75;2;1.75;2;2;3;2.75;2;3.25;2.75;3.25;2.5;3.25;2.75;3.125;2.3125;2.6875;1.9375;2.75;2.9375
109;3;3.25;4;3;3;2.75;3.5;3;2;3.25;3.75;3;2.5;3.25;2;3.5;2.75;4;2.5;3.5;2.75;3.5;2.5;2.75;3.25;3.3125;3.0625;3;2.8125;3.1875;2.875
110;2.5;2;3.5;3;2.25;2.5;2;2.5;1.75;2.75;2.5;3;2.25;3.25;3.5;3.75;3;2.75;2.5;3.5;3.5;2.5;2.5;2.75;2.25;2.75;2.3125;2.5;3.1875;2.9375;2.8125
111;1.75;2.25;3.25;3;2.5;2.25;2.75;2.25;2;3.25;3.25;2.75;3.25;3.25;3;3.25;2.5;2.75;3.5;2.5;3.25;2.75;2.25;3.75;3;2.5625;2.4375;2.8125;3.1875;2.8125;3
112;3;2.5;3.5;4;3.5;3.5;3;3.75;3;4;4;3;2.25;3;2.75;3;2.5;3;2.75;3.25;2.25;3.25;3;2.5;3.25;3.25;3.4375;3.5;2.75;2.875;2.75
113;2.5;2.75;2.5;2.75;3;2.5;2.75;2.5;2.75;3;2.25;2.25;3;2.75;2;2.5;3;2.5;2.75;2;2.5;2.75;2.25;2.5;2.25;2.625;2.6875;2.5625;2.5625;2.5625;2.5
114;3.25;4;4.25;3.25;2.75;2.75;2.5;3;2.75;3.25;3.75;2.75;2.5;2;3.5;3;3;3.75;3.5;3.5;2.5;2.5;3;2.5;3.25;3.6875;2.75;3.125;2.75;3.4375;2.625
115;2.5;3.5;3.75;3;3;3;2.5;3.25;2.5;3.25;2;3.25;3.25;3.5;2;3.75;2.25;2.5;3;3.75;2;2.75;2.25;3.25;2.75;3.1875;2.9375;2.75;3.125;2.875;2.5625
116;3;3.75;2.75;3;2.5;2.5;2.5;3;2.5;3.5;2;3.5;3;2.75;2.5;3;2.5;2.5;2.25;3.5;2.75;2.75;3;2.25;2.25;3.125;2.625;2.875;2.8125;2.6875;2.6875
117;2.5;2;4;2.75;2.75;2.75;3;1.75;2.75;3;3.5;3;3;3;2;3.25;3;3;2.5;3.25;3.5;2.75;2.75;3.25;2.75;2.8125;2.5625;3.0625;2.8125;2.9375;3.0625
118;3.25;3.5;2.75;3.25;4;3.75;3;2.75;2.25;3.25;3.75;3;2.5;2.25;2.25;4;3.25;3;3.75;3.5;3;3;3;2.75;3.25;3.1875;3.375;3.0625;2.75;3.375;2.9375
119;3;3.25;2.5;3.5;2.75;2.75;2.75;2.25;2.5;3.25;3.75;3.5;2.75;3.75;3;3.5;3.25;2.75;2.5;3.75;3;4.5;1.75;2.75;3;3.0625;2.625;3.25;3.25;3.0625;3
120;2.25;3.75;4;3.75;3.5;2.5;3.25;2.5;3;3.5;3;3.25;2.5;3.5;3;3.25;3.5;3.75;2.75;4;2.75;2.75;2.5;2.5;3.25;3.4375;2.9375;3.1875;3.0625;3.5;2.625
121;2.5;3;3;2.5;3.75;2.25;2.5;2.25;3.25;2.5;3.25;2.25;2.25;2;2.75;3.25;2.25;3.25;2.75;3;2.5;2.5;2.25;2.75;2.5;2.75;2.6875;2.8125;2.5625;2.8125;2.5
122;2.75;4;3.5;3;3.25;3.25;3;3.25;2.75;3.75;3.5;3;2.25;3.5;3.25;3.25;2.5;3;3.25;3.5;3.25;3;3.25;3.25;3;3.3125;3.1875;3.25;3.0625;3.0625;3.1875
123;3;3.5;2.25;2.75;3;2.75;3;2.5;2.5;3;3.25;2.5;2.5;2.75;3.75;2.5;2.75;2.75;2.5;3.25;3.5;2.25;2.5;2.75;3.5;2.875;2.8125;2.8125;2.875;2.8125;2.75
124;3;2;2;2.75;2.75;2;2.25;2.5;1.75;3;3.25;2.5;3;2.25;2.25;3.5;2.75;3.25;3;2.5;2.5;3.5;2.75;2.75;3.5;2.4375;2.375;2.625;2.75;2.875;2.875
125;3;2.5;2.75;2.75;2;3;2.5;3.25;3;2.5;2.5;3;2.25;4;3.5;3.25;3;2.75;3;2.75;2.25;2.5;2.5;3.25;2.25;2.75;2.6875;2.75;3.25;2.875;2.625
126;2;3.5;3.25;3.5;3;2.5;2.5;2.75;3;3;3;3.25;2.5;3;3.25;3.25;3;2.75;2.75;3.25;2.75;3;2.25;3.25;3.5;3.0625;2.6875;3.0625;3;2.9375;2.8125
127;2.75;3.75;2.75;3;2.5;2.75;2.75;2.5;2.75;2.5;3.25;3;2.25;2.5;2.5;2.75;2.5;3;2.75;3.5;3;3;3;3.25;3;3.0625;2.625;2.875;2.5;2.9375;3.0625
128;2.75;4;4;3.75;3;3;2.75;2.25;2.25;3.25;2.5;2.75;2.25;2.25;3.75;2.75;2.75;2.75;3;3.5;2.5;3;2.75;3;3.5;3.625;2.75;2.6875;2.75;3;2.8125
129;3.5;3.25;3.5;3.25;2.5;2.5;3;4;2.75;3.25;3.5;3;2.5;2.75;3;3;3;2.5;3;3.5;2.25;3.25;2.75;3.5;3;3.375;3;3.125;2.8125;3;2.9375
130;2.75;2.75;4;2.25;2.25;3.25;3.75;3;2.25;4.25;4;2.75;3;3;2.5;2;3;1.75;3.25;3;3.25;3.25;3;2.5;2.5;2.9375;3.0625;3.3125;2.625;2.75;3
131;3;2.5;3;3.5;3.5;2.75;3.5;3;2;3.75;3.75;3;2.5;3.25;1.5;3;3;2.75;3.75;3.75;4;2.5;2.75;2.5;3.5;3;3.1875;3.125;2.5625;3.3125;2.9375
132;3;3.5;3.5;3.5;3;2.75;3;3;2.25;2.75;3;3;2.75;3.25;3;3;2.5;2.75;3;3.25;3;3;3;3.25;3.25;3.375;2.9375;2.75;3;2.875;3.0625
133;3.25;2;3.25;3.25;3.75;3.25;3;2.75;3.25;3;2.5;3.5;2.75;4;1.75;4;2.75;3;3.5;2.75;2.75;3;3;3.75;3.25;2.9375;3.1875;3.0625;3.125;3;3.125
134;2.5;2.5;3.5;2.75;3.25;2.25;3.25;3;2.5;2.75;3.5;3.25;2.75;4;2;4;3.25;3;2.25;3.25;2.5;4;2.75;2.25;2.75;2.8125;2.9375;3;3.1875;2.9375;2.875
135;3.25;3.5;3.25;3.5;3.25;3;3;2;2.75;2.25;2.75;3.5;2;2;3.5;3.5;3;2.75;2.5;3.25;4;3.25;2.25;3.25;3;3.375;2.8125;2.8125;2.75;2.875;3.1875
136;3.5;3.75;4.25;4.25;2.5;3;2.75;2.25;2.75;2.5;2.5;3;2.25;3.25;2.75;2.75;3.25;2.75;3.5;3;3.25;2.75;2;3.25;2.5;3.9375;2.625;2.6875;2.75;3.125;2.8125
137;4;4;2.5;3;3;2.25;2;2.75;3;3.25;2.5;3;2.5;2.75;2.75;3.25;3;2.5;3.25;3.25;2.5;3.25;2.75;3;3.25;3.375;2.5;2.9375;2.8125;3;2.875
138;3.75;3;3;3.25;3.25;3.25;3.25;3.25;3.25;3.75;3.5;3.25;2.75;3.5;3;3;3;3.5;3.5;3.25;2.75;2.75;2.25;2.75;2.75;3.25;3.25;3.4375;3.0625;3.3125;2.625
139;2.75;4.25;3.25;3.25;3.25;2;2.75;3.25;3;3.25;3.5;3.25;2.25;2.75;2.25;3;3;3;3.25;3.75;3.25;2.25;2.5;2.75;3.25;3.375;2.8125;3.25;2.5625;3.25;2.6875
140;2.25;3.25;4;2.75;2.5;2.75;2.5;2.75;2;2.75;3.75;2.75;2.25;2.25;3.25;3;3.25;3;2.25;2.75;3;4;3;3.25;3.25;3.0625;2.625;2.8125;2.6875;2.8125;3.3125
141;3;3.75;4;3;1.75;3;2.75;1.5;2;3;3.5;3;2.75;1.25;3.25;3;2.75;3;2.5;2;2.5;3.5;2.5;2.75;3.25;3.4375;2.25;2.875;2.5625;2.5625;2.8125
142;3;2.5;4;3.25;3;2.25;3.5;2.5;2;3.25;4;3;3;2.5;2.75;3.75;3.5;2.25;2;3.75;3.25;3.5;2.75;3.25;3;3.1875;2.8125;3.0625;3;2.875;3.1875
143;3.5;3;2.25;2.5;3.5;2.5;2.75;2.5;3;3;3;2.75;2.75;3;2.25;2.25;2.75;3;2.25;3.25;3.5;2.25;3;2;2;2.8125;2.8125;2.9375;2.5625;2.8125;2.6875
144;2.75;3.75;3.5;3.5;4;3;2.75;3;3;3.5;4.25;3.5;3;2.5;2.75;3.25;2.75;2.25;3;2.75;2.5;2.75;3;3.25;3.25;3.375;3.1875;3.5625;2.875;2.6875;2.875
145;2.5;2.5;1.75;2.5;2.25;2.5;3;2.75;1.5;4.25;3.25;3;2.75;3.5;3.25;2.75;3.75;3.25;3.25;3;2.5;2.5;3;3.25;3;2.3125;2.625;3;3.0625;3.3125;2.8125
146;2.5;2.5;2;3;2.75;2.75;3.25;3;2.25;3.5;3.75;3.25;2.75;3.25;3.25;3.25;3.25;2.75;2.5;3.25;3;3;2.5;3.25;2.25;2.5;2.9375;3.1875;3.125;2.9375;2.9375
147;3;2.25;3.75;2.75;2.5;3;2.25;2.75;3;3;3;2.75;2.25;3;2.75;3.25;3;2.5;3;2.5;2.25;3.5;2.75;2.5;3.5;2.9375;2.625;2.9375;2.8125;2.75;2.75
148;3.5;4.25;2.75;3;3.5;3.25;2.5;2.25;2.75;3;2.75;3.25;2.75;3;2.5;3;3.25;3;2.5;3.75;2;3.25;2.75;3.5;2.75;3.375;2.875;2.9375;2.8125;3.125;2.875
149;3;3.25;3;3.5;2.25;2;2.5;2.5;3;3.5;3.5;3;2.5;2.5;2.75;3.25;2.5;3;2.75;3.25;2.75;3.5;3;3;3.25;3.1875;2.3125;3.25;2.75;2.875;3.0625
150;3;2.5;3.25;3.25;2.75;2.75;2;2.25;2.25;3.25;3;2.75;2.75;3.5;1.75;3;2.75;1.75;3.25;3;3;3.5;3;2.5;3.25;3;2.4375;2.8125;2.75;2.6875;3
151;3.25;3.75;4;3.25;3;3.25;2.5;2.75;2.75;3.75;3.5;3.25;3;3;2.25;3.5;3.5;2.75;2.75;3.5;2.75;3.25;2.75;3.5;2.25;3.5625;2.875;3.3125;2.9375;3.125;3.0625
152;2.5;1.75;2.5;2.25;2.5;2.75;1.75;2.25;2.25;2.5;2;1.5;2.5;2.5;2;1.75;1.75;2;2.25;2.25;2.5;2.5;2;2;2.5;2.25;2.3125;2.0625;2.1875;2.0625;2.25
153;2.75;3.75;3.75;3.25;3.25;3.5;3.5;2.75;3;3.25;2.75;3.25;2.75;3;2.75;3;2.5;2.5;2.5;3;3.25;3.25;2.75;3.5;3;3.375;3.25;3.0625;2.875;2.625;3.1875
154;1.75;3.25;3.25;2;3.75;1.25;3;1.5;2.5;2.5;1.75;2.5;1.5;2;1.5;2.5;2;3;2;2.5;2.25;3.25;2.5;2;2.75;2.5625;2.375;2.3125;1.875;2.375;2.5
155;2.5;2;2.25;3.5;3.25;3;2.5;2.25;2.75;3;2.5;3.25;2.25;2;2.25;2.5;3.25;2.75;2.5;3;3;2.75;2.25;2.75;2.5;2.5625;2.75;2.875;2.25;2.875;2.6875
156;2.5;2.5;3;3;3;3.25;2.5;2.5;3;2.5;2.5;3;2.5;3;2;3;3;2.5;2.5;3.5;3.5;3.25;2.5;2.5;3.5;2.75;2.8125;2.75;2.625;2.875;2.9375
157;2.5;4;3.25;4;2.75;2;3.25;2.75;2.75;3.25;3.5;3.25;2.25;3.5;3.5;3.5;3.5;2.75;3;3.75;3;2;2.25;3.75;2.75;3.4375;2.6875;3.1875;3.1875;3.25;2.75
158;3;3.5;3;3.5;3;2.75;3;3.25;2.75;3.25;3.5;2.75;2.5;2.75;2.75;3.25;3.25;2.75;2.5;3.5;3;2.5;2.75;4;3.5;3.25;3;3.0625;2.8125;3;3.0625
159;3;3.25;2.5;3;3;2;2.5;2.75;3;2.75;2.75;2.75;2.5;2.25;3;3.25;2.75;2.75;2.75;3.25;2.75;3.25;3;3;2.75;2.9375;2.5625;2.8125;2.75;2.875;3
160;2.75;2.75;3.25;2.75;3;3.5;2.25;2.25;2.25;3;2.75;3.25;3;3;1.75;3.25;3;2.5;2.25;2.75;2.5;2.5;3;2;3.25;2.875;2.75;2.8125;2.75;2.625;2.5
161;2.75;3.5;3.5;3.25;3;2.25;3;3.5;2;4.5;3.25;3;2.25;3;1.75;2.75;3;2.75;3.75;2.75;2.25;3.5;2;3;3.5;3.25;2.9375;3.1875;2.4375;3.0625;2.6875
162;3.25;2.25;3.5;2.5;3.5;2;2.25;3;3;3.25;1.5;3.5;2.5;2.75;2.5;3;3.25;3.25;2.5;2.5;2.75;3.75;3.25;3.25;2.75;2.875;2.6875;2.8125;2.6875;2.875;3.25
163;3.25;3;3;3;2.75;2;2.5;3;3;3.25;2.75;4;2.75;3.25;2.75;3.25;3.5;3;3.5;2.5;2.75;3;2.75;3.25;3.25;3.0625;2.5625;3.25;3;3.125;2.9375
164;2.75;3.5;3.25;3;2.25;3;2.75;2.25;2.5;2.25;3.75;2.75;2.5;3;2.5;2.75;2.75;3.25;2.75;3.75;2.75;2.5;2.75;2.75;3;3.125;2.5625;2.8125;2.6875;3.125;2.6875
165;2.5;3.25;2.5;2.5;2.5;2.75;2;3;2.75;2.75;2.75;3;2.5;3.5;2.75;2.75;2.75;2.75;2.75;2.75;3;3;3;3.25;2.75;2.6875;2.5625;2.8125;2.875;2.75;3.0625
166;3;3;2.5;3;3.25;3.25;3.5;2;2.25;3.75;3.75;3;3;2.5;2.75;2.25;3.25;3.5;3;3.25;2.75;3.5;2;3.25;3.25;2.875;3;3.1875;2.625;3.25;2.875
167;3;3;2.25;2.75;3;3;2.75;2.75;2.75;3.5;3.5;2.25;2.25;2.75;2.25;3;2.25;3;3.25;3;2.5;3;3.5;2.5;2.75;2.75;2.875;3;2.5625;2.875;2.875
168;3.25;3.5;3.25;3.5;3;2.5;3.5;2.75;2.75;3.5;2.75;3.25;2;2.75;3.25;3.25;3;2.75;3;3.5;3.25;3;3;3.25;3;3.375;2.9375;3.0625;2.8125;3.0625;3.125
169;3.5;3.5;2.5;3;3.25;3;2;3.25;3;3;2.75;3.25;2.5;3.25;2.75;3;3;3.25;3.25;4.25;3;3.25;3;3.5;3;3.125;2.875;3;2.875;3.4375;3.1875
170;3;3.5;3.5;2.5;3;2.5;2.5;2.75;2.5;2.75;3.25;3.25;2.25;3;2;3;3;2.75;3;3;2.25;3;2.75;3.25;2.75;3.125;2.6875;2.9375;2.5625;2.9375;2.8125
171;3.25;3.75;4;2.75;4;2.75;3;3;2.75;3.25;3.25;3.25;2.5;3.5;2.75;3.75;2.75;3.25;2.5;3.75;3.5;3.25;2.75;3;4;3.4375;3.1875;3.125;3.125;3.0625;3.125
172;3;2.75;3;3.25;3;3.25;3;3.5;3;3;2.5;3.25;3;2.25;3;4.25;2.5;2.75;3.25;2.75;2.75;2.75;2;3.5;3;3;3.1875;2.9375;3.125;2.8125;2.75
173;3;3.5;2.75;3;3.25;2.75;2.5;2.25;2.75;2.5;3.5;3.25;3.25;2.25;2;3.25;2;2.75;3;3.5;3.25;2.75;2.25;2;2.75;3.0625;2.6875;3;2.6875;2.8125;2.5625
174;3.5;2;4;3;4;2;2.5;3;2.25;2.25;2.75;2.5;2.75;2;3;4;2.75;2;3.5;2.75;1.25;3;2;2.25;3.5;3.125;2.875;2.4375;2.9375;2.75;2.125
175;3;2.25;3;3;3.25;2;2.5;2.5;2.25;3.25;3;2.75;1.5;2.5;2.5;3;2;2.75;2.75;3.5;3.5;3.25;3;2.75;3;2.8125;2.5625;2.8125;2.375;2.75;3.125
176;3.5;4;4.25;3.25;3.25;2.25;2.75;3;3.25;4;3.75;3;2.5;3.25;2.25;2.75;2.5;4.25;3.5;3.75;2.75;4.5;2.25;3;3.25;3.75;2.8125;3.5;2.6875;3.5;3.125
177;3;3;2.75;3;3;2;2.75;3;1.75;2.25;2.25;2;2;3;3;3;2.75;2.5;2.25;3.5;3.25;2.75;2.75;3.5;2.25;2.9375;2.6875;2.0625;2.75;2.75;3.0625
178;4;2.75;2;1.75;2.75;2;2.5;1.5;2.75;2.5;2;2;2.5;1.75;2.5;3.25;2.5;2.5;2.5;3.75;4;3;2;4;3;2.625;2.1875;2.3125;2.5;2.8125;3.25
179;3;3.5;4.25;2.5;3.25;3.25;3;3.25;2.75;3;3.5;3.25;2.25;3;3;3;2.5;3.25;2.5;3;3;3.25;3;3.25;2.5;3.3125;3.1875;3.125;2.8125;2.8125;3.125
180;3.25;4.25;2.5;2.5;3.25;1.75;1.75;2.75;2.75;2.5;2.75;2.25;2.25;2.5;4;2.75;2.5;2.5;2;3.5;2.5;3;3;3.25;2.75;3.125;2.375;2.5625;2.875;2.625;2.9375
181;4;3;3.25;3;3;3;2.5;2.5;2.5;3.5;2.75;3;2.75;3.25;2.75;3;3;3.5;3.25;3.75;3.5;3.5;2.5;3.25;3.25;3.3125;2.75;2.9375;2.9375;3.375;3.1875
182;2.5;2.75;3.25;3;2.75;2.75;3;3.25;3;3.75;3.25;2.5;3;3.5;2.25;2.75;3;2.25;3;2.25;3.25;3;3.25;3;3;2.875;2.9375;3.125;2.875;2.625;3.125
183;3.5;3.75;2.25;2.25;2.25;3;2.5;2.25;2.75;2.75;2.5;2.5;2.25;2.5;2.25;3;2;2.75;2.25;3.25;3;2.5;3.25;2.75;2.25;2.9375;2.5;2.625;2.5;2.5625;2.875
184;2.5;3;2.5;3;3;2.25;2;2.5;2.25;3;3;2.75;2.25;3;2.75;3;3;2.75;2.25;3.75;3.25;2.5;2.5;3;3;2.75;2.4375;2.75;2.75;2.9375;2.8125
185;3;3;3.5;2.75;2.75;3;2.5;2;3;3;2.25;2.5;2.25;3.25;3;3.25;3.25;2.75;2.75;3.25;3;3.5;2.25;3.25;2;3.0625;2.5625;2.6875;2.9375;3;3
186;3;4;4;2.5;3.25;3;2.75;2.25;2.75;2.5;2.75;3;2.5;3;3.5;3;3.5;2.75;2.75;3.25;3;2.5;2.75;3.5;3.25;3.375;2.8125;2.75;3;3.0625;2.9375
187;2.5;3;2.75;2.5;2.25;3;2.5;2.25;2.25;3.5;3.25;3;2;3;3;3;3;2.75;2.5;3.25;3;2.75;3;2.75;2.75;2.6875;2.5;3;2.75;2.875;2.875
188;2.75;3;4.25;2.5;3.5;2.25;2.75;2.75;2.25;3.25;3.75;3.75;1.75;2.75;3;3;3.5;2.25;3;3.75;2.25;2;3.25;3.5;3.25;3.125;2.8125;3.25;2.625;3.125;2.75
189;3.75;4;2.75;2.75;3.75;3;2.75;3.25;3.5;3.25;2;3.25;2.25;3;2.25;3.75;3;3.25;3.25;2.5;2.75;3;2.75;2.5;3.75;3.3125;3.1875;3;2.8125;3;2.75
190;3.25;4;3;2.75;3;3;3.75;3;3.25;2.5;2.75;3;2.25;4;2.75;3.25;2;2.75;3.75;4.25;3.5;2.75;2;2.75;2;3.25;3.1875;2.875;3.0625;3.1875;2.75
191;4;3;3.75;3;2.75;2.75;2.75;2.5;3;3.5;3.25;3.5;2.5;3.25;3;2.25;2.75;3;2.75;3;3.25;3.25;3.25;3;3.25;3.4375;2.6875;3.3125;2.75;2.875;3.1875
192;4;3.25;1.75;2.25;2.75;2.5;3;1.75;2.5;5;4;2.75;2;2.5;3;2.75;3.25;2.75;1.75;4;3.25;3;3;3.25;2.75;2.8125;2.5;3.5625;2.5625;2.9375;3.125
193;3.5;3.25;2.75;3.25;3;2.5;2.5;3;3;3.25;2.5;3;3;3;2.25;3;2.5;3;2.75;3;2.75;3.25;3;3;2.25;3.1875;2.75;2.9375;2.8125;2.8125;3
194;2.75;3;4.25;3;3.5;3;3;2.75;3;3;3.5;3.25;2.5;2.75;3;3.5;3;3.25;3.5;3.25;2.5;2.75;3;3;3.5;3.25;3.0625;3.1875;2.9375;3.25;2.8125
195;2.5;4.25;4;2.75;3.25;2.25;2.25;2.25;3;1.75;2;3;3.5;3;3.5;3.75;3;2.75;3;3.75;2.75;2.75;3.25;2.5;3.25;3.375;2.5;2.4375;3.4375;3.125;2.8125
196;3.25;2.75;3.25;3.25;3.5;2.5;2.75;2.75;2.75;3.25;2.75;2.5;2.75;3.25;3.25;3.5;3;3;3;4;3.25;3;3;3;3.25;3.125;2.875;2.8125;3.1875;3.25;3.0625
197;2.25;3;2.5;2.75;2.75;2.5;2.5;2.75;3;2.5;2.25;3;2.75;2.75;2;2;2.5;3;2.5;3;3.25;2.5;3;3;3;2.625;2.625;2.6875;2.375;2.75;2.9375
198;4.25;4.25;2.75;2.75;2;3;2.5;2;2.25;2.25;2.25;1.75;2.5;3;2.5;1.75;2.25;3;2.5;2.75;3.25;3;2.25;2.75;3.5;3.5;2.375;2.125;2.4375;2.625;2.8125
199;2.75;3.75;3;3;3.5;2.25;3.25;2.5;3;3.5;3.25;3.5;3;2.75;3;2.5;2.5;3;2.75;3.5;3.25;3;3;2.75;3;3.125;2.875;3.3125;2.8125;2.9375;3
200;3;3.25;2.75;2.5;3.25;2.5;3;2.75;2.5;3.5;2.5;3;2.5;2.5;3.25;3;3;3;2.25;3;2.25;2.75;3.5;3.5;3;2.875;2.875;2.875;2.8125;2.8125;3
201;2.75;4;1.75;3.5;2;4;3.5;2.75;3;3.75;3;3.25;2;2.5;2.5;3.25;2.5;2.5;3.5;4;2.25;3;3;3;3;3;3.0625;3.25;2.5625;3.125;2.8125
202;3;4;3.5;3;3;2.75;3;2.25;2.5;3.5;2.75;2.5;3;3.25;3;3.5;2.75;2.5;2.75;3.25;3;3.25;3;2.75;3.5;3.375;2.75;2.8125;3.1875;2.8125;3
203;3.5;2.25;2.25;3.25;3.5;2.75;2.5;3;2.75;3;3;3.5;2.75;3;2.75;3;3.5;2.5;3.5;4;3;3.25;2;3.75;3;2.8125;2.9375;3.0625;2.875;3.375;3
204;2.75;3.5;3;2.75;3;2.75;3.5;3;2.5;2.5;3.25;3;2.5;3;3;3.75;3;3;2.75;2.75;3;2.75;2.25;3.5;3;3;3.0625;2.8125;3.0625;2.875;2.875
205;2.5;4.25;3.5;3.25;3.25;2;2.75;2.5;2.5;3.25;3;2.25;3.25;3;4.25;3.25;3.25;2.5;3.75;3.25;3.25;3.25;3.25;3.25;3;3.375;2.625;2.75;3.4375;3.1875;3.25
206;3;3;3;3;2.75;2.25;3;2;2.75;2.5;2.5;2.25;2.75;2.5;2.75;2.25;2.75;2.75;3;3.25;2.75;2.5;2.75;3;3.5;3;2.5;2.5;2.5625;2.9375;2.75
207;3.5;3;3;3.5;3.75;3.5;2.75;3.75;2.75;2.5;3;3.25;3;3;2.5;2.75;4;2.75;2.75;3.5;3.25;3.75;3.25;3;2.5;3.25;3.4375;2.875;2.8125;3.25;3.3125
208;3;2.75;4;2.75;2.5;2.25;2.5;2.25;2.25;3;3.75;3;2.5;2.5;2.75;3.25;2.75;3.25;3;2.5;2.5;2.25;2.75;3.25;3.25;3.125;2.375;3;2.75;2.875;2.6875
209;3.75;3.5;3.5;3;3;3.25;2.75;2.25;2.75;3.25;3.25;3.25;2.5;2.75;2.5;3.25;3.5;2.75;2.75;2.75;3;2.75;3.25;3.25;3.25;3.4375;2.8125;3.125;2.75;2.9375;3.0625
210;3;4;3.25;3.5;3.25;3;3;2.75;2.75;3.25;3.25;3.25;2.75;2.5;3.5;3.75;2.25;2.5;3.25;4;2.75;3;2.75;3.25;3;3.4375;3;3.125;3.125;3;2.9375
211;3.5;4;3.25;3;2.75;2.75;2.75;2;3;2.75;2.5;3;2.5;2.25;3;2.5;3;2.75;2.25;3;2.5;2.75;3;3;3.25;3.4375;2.5625;2.8125;2.5625;2.75;2.8125
212;3;4;2.5;2.5;2.25;2;2.75;2.75;2.25;3.25;3;2.75;2;2.75;3.5;3;3;3;3;2.75;2.75;2.5;2.75;2;2;3;2.4375;2.8125;2.8125;2.9375;2.5
213;2.5;4.5;3;3.5;2.5;3.25;3;2.75;2.25;2.25;3.25;3.25;1.25;1.75;2.25;3;3.25;2.75;3.25;3;2.25;3.25;2.5;2.75;3;3.375;2.875;2.75;2.0625;3.0625;2.6875
214;2.75;2.25;4.25;3;3.25;3.25;2.5;2.5;2;3;3.25;3.5;2.5;2.25;2.5;3.5;2.75;2.5;3;3;3.25;3.25;3.25;3.5;2.75;3.0625;2.875;2.9375;2.6875;2.8125;3.3125
215;3.25;4.25;2.25;2.5;3.75;2;2.5;2.25;2;3.5;2.25;2.25;2.25;2.75;2.5;2.75;2.25;2.25;3.25;3;2;2.5;1.75;2.5;3.25;3.0625;2.625;2.5;2.5625;2.6875;2.1875
216;2.75;3.5;3.75;3;3.5;2.75;3;2;2.5;3;3;2.75;2.25;2.5;2;3.25;2.75;3.25;2.75;3;3;3.25;2.75;2.75;2.5;3.25;2.8125;2.8125;2.5;2.9375;2.9375
217;2.5;2.25;2.75;2.25;3;2.75;2.25;2;2;3.25;2.75;2.75;2.25;3.25;3.25;3;2.75;3;2.75;2.75;2.75;2;2.75;3;2;2.4375;2.5;2.6875;2.9375;2.8125;2.625
218;2.75;4;2.75;2.75;3.5;2.25;2.5;2;2.5;3.5;3;2.75;3.5;3;2.25;2.5;2.5;2.75;2.25;3.5;3;2.5;2;2.75;3;3.0625;2.5625;2.9375;2.8125;2.75;2.5625
219;2.75;2.25;3;3;3.25;3.5;2.5;2;2.5;2.5;2;2.75;2.5;3.5;3;3;2.5;3;2.5;3.75;2.25;2.5;3;2.75;2.75;2.75;2.8125;2.4375;3;2.9375;2.625
220;3;4;2.25;3;3.25;2.5;2.5;2.75;2.5;3.25;3.25;3.25;2.5;3.5;3;4;3.5;3;2;3.5;2.5;3;2.75;3.5;2.5;3.0625;2.75;3.0625;3.25;3;2.9375
221;3.5;3.75;2.75;3;2.5;3;2.5;3;2.25;4.25;3.75;3;3;3;3;3;3.25;2.75;2.25;3.5;3.5;3;3;3.5;2.75;3.25;2.75;3.3125;3;2.9375;3.25
222;2.25;3.5;3.5;2.75;3.25;3.25;2.25;3;3;2.5;4;3.25;2.75;2.5;3.25;3.5;3.5;3.25;3.25;3.5;2;2.5;3.25;2.75;3.5;3;2.9375;3.1875;3;3.375;2.625
223;3.5;4;4;4.25;3.75;3.5;3;3.5;3;2.5;3.75;3.25;2.5;2.75;2.5;3.25;4;3;3;3.25;3;3;3;3.25;2.75;3.9375;3.4375;3.125;2.75;3.3125;3.0625
224;2.5;3.75;3;3;3.25;2.25;3;3.5;2.75;2.75;3.25;3.75;2.25;2.25;2.5;3;3;2.75;2.75;2.25;2.75;2.5;2.5;2.75;2.75;3.0625;3;3.125;2.5;2.6875;2.625
225;3;2.25;2;2.5;2.25;2.75;2.5;2.25;2.25;4;2.5;3;3.25;3;2.75;3.75;2.75;1.75;2.25;3;3.75;3.5;3.5;3;2.25;2.4375;2.4375;2.9375;3.1875;2.4375;3.4375
226;2.75;2.75;4;3.5;3;3;2.25;2;2.25;3;3.75;3;1;2.5;2;3;2;2.75;2.75;2.75;2.75;4.75;2.5;2.75;3.5;3.25;2.5625;3;2.125;2.5625;3.1875
227;2.75;3.75;3.5;3;2.5;2.75;3;2;2.25;3;2.75;2.5;2.75;3.25;2.5;3;3.25;2.75;2.75;4;2.25;4.5;2.25;2.75;3.25;3.25;2.5625;2.625;2.875;3.1875;2.9375
228;3.75;3;3.5;2.75;3;2.5;2.25;2.75;2.25;2.5;2.5;3.25;2.5;3;2;2.75;2.75;2.75;3;3.5;2.5;3.25;2.75;2.75;2.25;3.25;2.625;2.625;2.5625;3;2.8125
229;4.25;3.25;3.25;3;3;1.75;2.25;3.75;2.25;3.5;3;2.5;2.25;3.5;2.75;2.5;3.25;3.25;3.25;3.25;2.75;3.25;3.25;2.75;3.75;3.4375;2.6875;2.8125;2.75;3.25;3
230;2.75;1.75;2;2.75;3.25;1.5;2.25;2;2;3.5;2.75;2.75;2.5;2.75;2.25;3;3.25;2.75;3;2.25;2.25;2;3.25;3;2.25;2.3125;2.25;2.75;2.625;2.8125;2.625
231;3.25;3;2.75;3;2.5;3.25;2.75;2.25;3;3;3.75;4;3;3.5;2.5;3.25;3.25;3;3;3.75;3.25;3;2.75;3.5;3.25;3;2.6875;3.4375;3.0625;3.25;3.125
232;3.25;2.75;2.25;3.5;2.75;2.75;2.5;1.75;2.75;2.75;3.25;2.75;2.25;2.5;3.25;3.5;2.25;2.5;2.75;3;3.25;2.75;1.5;3.25;3.25;2.9375;2.4375;2.875;2.875;2.625;2.6875
233;3.5;2.75;2.75;3;2.75;2.5;2.5;3;2.5;3;4;3.25;3.25;3;2.25;3.25;2.5;2.25;2;3.75;2.75;3.5;2.75;3.75;3.25;3;2.6875;3.1875;2.9375;2.625;3.1875
234;2;2.25;4;2.75;2.75;2.75;2.5;2.75;3;2.5;2.25;2.75;2.5;2.75;2;3.25;3.5;2.25;2.75;2.25;2.75;2;2;2.75;2.25;2.75;2.6875;2.625;2.625;2.6875;2.375
235;3.75;4;3;4;2.5;2.5;2.75;3;2.75;3.5;3.25;3.25;2.5;2.75;3;3.25;2.25;3.25;2.5;3.75;2.75;3;3.75;3.25;3;3.6875;2.6875;3.1875;2.875;2.9375;3.1875
236;2.5;2.5;4.25;3.25;3.25;2.75;3.75;2.25;3;2.75;2.75;3;3.25;3.75;3.25;3;2.75;3;2.25;3;3;3.25;3;3.25;3;3.125;3;2.875;3.3125;2.75;3.125
237;3.5;2.5;1.75;2.75;2.5;2.5;3;1.75;1;2;2;3;3.5;3.25;3;3.5;1.75;1.5;3;3.25;2;2.75;3.25;2.75;1.75;2.625;2.4375;2;3.3125;2.375;2.6875
238;3.75;2.25;2.75;3;2.75;2.5;1.5;2.5;3.5;3.75;3;2.75;2.5;1.5;3;2.75;2.75;2.25;2.75;2;2.75;2.25;3;3;2.75;2.9375;2.3125;3.25;2.4375;2.4375;2.75
239;3.25;3.5;2.5;3;3.5;2;3;3.5;2.5;2.75;3.5;2.75;2.75;3.25;2.5;2.75;2.75;2.5;3.25;3.5;2.75;2.25;3;1.75;3.25;3.0625;3;2.875;2.8125;3;2.4375
240;3;3.25;3;3;3.25;2.5;2.75;2.25;2.75;3.25;3;3;2.5;2.75;3.25;3.25;3;3;3;2.5;3;3.25;3;3.25;3.25;3.0625;2.6875;3;2.9375;2.875;3.125
241;3.75;4;3.5;3.5;2.75;2.5;3;2.75;2.75;3;2.25;2.75;2.25;3.25;3;3;2.5;2.5;2.75;3.25;3.25;2.75;2;2.75;3.25;3.6875;2.75;2.6875;2.875;2.75;2.6875
242;3;4;3.5;3;3;3.25;3.25;2.5;3.25;3;3;2.75;2.75;2.75;2.25;3.25;3.25;3.5;2.75;3.25;4.25;4;2.75;3;3.5;3.375;3;3;2.75;3.1875;3.5
243;2.25;2.75;2;2.5;3;2.75;2;2.25;2.25;3.25;3.75;2.25;2.25;2;2.5;3.25;3;2.75;3;2.25;2.25;2.75;2.75;2.5;2.5;2.375;2.5;2.875;2.5;2.75;2.5625
244;2.5;2;3.5;3.25;2.25;2.25;2.5;1.75;1.25;2.5;3.75;2.5;1;2.75;2;3.25;3;1.5;2.5;1.75;3;4.25;2.75;2;2.5;2.8125;2.1875;2.5;2.25;2.1875;3
245;2.75;3.5;3.75;3;2.75;2.5;2.75;2.25;2.75;2.75;2.5;2;2.25;2.5;3.75;2.5;3.5;3.5;2.5;2.5;3;3.25;3;3.25;3;3.25;2.5625;2.5;2.75;3;3.125
246;2.5;3;3;3;3.25;3.25;2.5;3.25;2.75;2.25;3.5;2.5;3;2.5;2.25;3.25;3.5;3.75;2.25;2.75;3.25;3;3;3.5;3;2.875;3.0625;2.75;2.75;3.0625;3.1875
247;3;3.25;3.75;3.25;3.5;2.5;2.75;2.5;1.75;4;4.25;3.5;2;2;2;3.25;3;2.75;3.25;2.25;2.5;2.5;2.5;3.5;3;3.3125;2.8125;3.375;2.3125;2.8125;2.75
248;2.75;4.25;3;3;2.5;3.5;3;3.25;3.25;3.25;3.25;3;2.75;3;3;2.75;3.25;3.25;3;3.25;2.75;3;2.75;2.75;3;3.25;3.0625;3.1875;2.875;3.1875;2.8125
249;2.75;2.5;1.75;2.25;2.5;2.5;2.75;2.25;2.25;2.75;2.5;3.5;2.5;3.25;3;3.75;3.5;3;3;3.25;2.5;3.25;2.75;4;2.75;2.3125;2.5;2.75;3.125;3.1875;3.125
250;3.75;3.5;3.5;3;2.5;3;2.25;1.75;3;4.25;2.25;3;3.5;2.25;3.25;3;2.25;2.5;2.75;3.25;2.5;2.5;3;2.5;2.75;3.4375;2.375;3.125;3;2.6875;2.625
251;2.25;3.25;4.75;4.25;3.5;2.75;2.25;3.75;3.25;3.5;3.25;2.75;2;3.25;2.25;3.75;3;2.5;3;3;2.5;1.75;3.25;3.5;3.25;3.625;3.0625;3.1875;2.8125;2.875;2.75
252;3.75;4.5;3.5;4;3.25;4.25;2.75;2.5;2.5;2.25;2.75;2.25;3;2.75;2.75;3;3.25;3.25;3.25;3.5;2.5;3;1.75;3.25;3.25;3.9375;3.1875;2.4375;2.875;3.3125;2.625
253;2.5;3.25;3.75;3.5;3.5;3.25;2.75;2.75;3;3.25;2.25;3;3;2.75;3.5;3.75;3.5;3;2.5;3;2;3;2.25;3.5;2;3.25;3.0625;2.875;3.25;3;2.6875
254;3.25;3.75;2.75;2.75;3.75;3;2.75;2.75;2.25;3.5;3.75;2;2.75;2.5;2.75;3.25;2.75;3;2.75;3.5;2.5;3.25;3;3;3;3.125;3.0625;2.875;2.8125;3;2.9375
255;3.5;3.5;4;3.75;2.75;3.25;2.75;3;1.75;2.75;3.75;3;2.5;3;2.75;3.75;3.25;3;2.75;2.75;2.75;3;2;3;3.75;3.6875;2.9375;2.8125;3;2.9375;2.6875
256;4.25;3.75;2.75;3.5;4.5;3.75;3.25;3.75;2.25;3.25;3.5;2.75;1.75;3.75;2;3.25;3;2.75;3;3.25;2.75;2;3;4;3.25;3.5625;3.8125;2.9375;2.6875;3;2.9375
257;4;2.5;3.5;3;3;2.5;2.75;4.25;2.75;3;4;3.25;3;2.25;3;4;2;2.75;2.75;3;1.75;3.75;2.5;3.25;3.25;3.25;3.125;3.25;3.0625;2.625;2.8125
258;3.5;4;4;3.5;3.5;3;2.75;3;3;3.25;3.75;3;3;3.75;3.25;3.75;2.75;3.25;2.5;2.75;2.75;3.5;3.5;3.5;3.75;3.75;3.0625;3.25;3.4375;2.8125;3.3125
259;3.25;2;3.25;3;3;3;2.5;2.5;3.25;2.75;2.75;4;2.75;3;2.25;2.75;2.75;2.75;3.75;2.75;3.25;2.25;3;3;2.25;2.875;2.75;3.1875;2.6875;3;2.875
260;2.5;3.25;3.5;2.75;3;2.75;2.5;2;2.25;3;2.25;3.25;1.75;2.25;2.5;3.5;3.25;3;3.25;3.25;3.25;2.75;2.25;3.75;3.25;3;2.5625;2.6875;2.5;3.1875;3
261;3.25;1.25;3.5;3.25;2.75;2.75;2.25;3;3;3;2.5;3.25;2.5;2.25;1.75;3;2.25;2.75;3.75;2.25;2.25;2.75;2.25;3;2.25;2.8125;2.6875;2.9375;2.375;2.75;2.5625
262;4.25;2.75;1.75;3;4.25;2.5;2;2.5;3;3;2.75;2.25;2.25;2;2.25;3;3.25;2.25;2.25;2.5;2.75;3.5;3.5;3.75;1.75;2.9375;2.8125;2.75;2.375;2.5625;3.375
263;2.75;3.25;4;3.25;2.75;3;3;2.25;2;3.5;3.75;3.25;2.5;2.75;3.5;3.25;3.25;3.5;3;4.25;3.5;1.75;3.25;3.75;3;3.3125;2.75;3.125;3;3.5;3.0625
264;4;4;2.75;3.5;3.5;3.75;2.5;3.25;2;3.5;3;3;2.75;3.25;3;2.75;2.25;3;3.25;2.25;3;2.75;2.75;3;3;3.5625;3.25;2.875;2.9375;2.6875;2.875
265;2.75;2.75;2;3;2.5;2.25;2.5;2;3;2.25;2.25;3;2.75;3.25;3.5;3.5;3;2.5;3;3.5;2;2.75;2.25;2.75;3.75;2.625;2.3125;2.625;3.25;3;2.4375
266;3;3.75;4;3.75;3.5;2.5;3;3.25;3.5;4.5;4;3.5;3;4;2;4;3;3;2;4;3.5;4;2.75;4;2.75;3.625;3.0625;3.875;3.25;3;3.5625
267;3.5;3.5;3;3;3;3.5;3;2.5;2.75;3;2.75;3.25;3.25;2.5;3.75;3.25;3;3;2.5;3.5;2.5;3;2.5;3.75;3.5;3.25;3;2.9375;3.1875;3;2.9375
268;3;2.75;2.75;2.75;3.5;2.25;3;3;2.75;3.25;2.25;3;3.75;3;2.5;4;2.5;2.75;3.25;3.25;3;3;3.25;3.25;2.75;2.8125;2.9375;2.8125;3.3125;2.9375;3.125
269;1.75;3.5;2.75;3.25;2.25;2.5;2.25;2.5;3.25;3;3.25;2.75;2.25;2.75;3.25;3.25;2.75;3.25;3;3.5;2.75;3;3;3.25;3.5;2.8125;2.375;3.0625;2.875;3.125;3
270;2.5;3.5;2.75;3;2.75;2.25;2.25;2.25;2.5;3.5;2.75;2.75;2;2.75;3;2.25;2.75;3;3.25;3.75;2.75;3;3.5;4;2;2.9375;2.375;2.875;2.5;3.1875;3.3125
271;2.5;3;3;3;3.25;3;2.5;2.5;3;3.25;3;3;2.25;3;3.25;3;3.25;3;3;3.25;2.75;3.5;3.25;3.75;4;2.875;2.8125;3.0625;2.875;3.125;3.3125
272;3;2.75;4.25;3.75;3.25;3.25;3;1.5;2.5;3.5;3;2.5;2.5;2;3.75;3.25;3.25;2.75;3.5;2.25;3;3;3;3.25;2.75;3.4375;2.75;2.875;2.875;2.9375;3.0625
273;2.5;2.75;3;3.25;3.25;3;3;3;2.75;2.5;3.75;3;2.75;2.75;2.75;3.5;2.75;3.25;2.5;3;3;3.5;2.25;3.25;3.25;2.875;3.0625;3;2.9375;2.875;3
274;2;3;2.5;2.25;3.25;2;2.75;2.75;2.5;1.25;2.75;2.5;1.75;2.25;1.5;2.75;2.5;3;2.5;2;2;3.75;2.75;2.5;3;2.4375;2.6875;2.25;2.0625;2.5;2.75
275;4.25;4;3;3.75;2.75;3.75;2.25;3.5;2.5;4;2.25;2.5;3.5;2.25;2.5;3;3;2.75;3;3.25;2.25;4;3;3.75;2.75;3.75;3.0625;2.8125;2.8125;3;3.25
276;3;3.5;2.25;2.25;2.75;2;1.75;1.5;2.75;3.25;2.5;2.75;3;2.25;2;2.75;2.25;3;2.75;3.25;2.5;2.75;2.25;3;3.25;2.75;2;2.8125;2.5;2.8125;2.625
277;3;3.25;3.75;4;2.25;2.5;2.75;2.25;2;2.5;3.25;2.5;2.25;2.25;3.5;3;2.5;2.25;1.75;3.5;3;2.5;2.75;3.75;2.75;3.5;2.4375;2.5625;2.75;2.5;3
278;2.5;3.75;2.25;3.5;3.5;2.25;2.75;2.5;3.25;2.75;3.5;2.75;2.5;3.25;2.25;3.25;3;3;2.5;4;2.5;3.75;4.25;2.5;3.25;3;2.75;3.0625;2.8125;3.125;3.25
279;3;4;3.5;3.25;3.5;2.75;2.5;2.75;3;2.5;4;3;2.5;3.25;3;3;2.5;2.5;2.5;3.5;3.25;3;2.75;3.5;3;3.4375;2.875;3.125;2.9375;2.75;3.125
280;3.5;2.5;2;3.25;3.25;3.5;2.25;2.75;2.5;2.5;4;2.75;1.75;2.75;3;2.5;3;2.75;3.25;2;2.25;3.75;2.25;2;2.25;2.8125;2.9375;2.9375;2.5;2.75;2.5625
281;2.75;2;3.25;2.75;2.75;2.75;2.5;2;2.5;2.5;2.75;2.5;2.25;2.5;2.25;3;2.5;2.75;2.5;3.25;2.25;3.25;3;2.5;3;2.6875;2.5;2.5625;2.5;2.75;2.75
282;2.75;4;3;3.25;2;2.75;2.25;1.75;2;3.25;3.5;3.25;2.75;2.75;2.5;2.5;2.75;3.25;2.25;3.5;3;3;2.75;3.25;3.25;3.25;2.1875;3;2.625;2.9375;3
283;3.75;2.5;2;2.5;2.25;2.25;2.25;2.5;1.5;3.25;2.75;2.25;2.5;2.75;3;3;3.25;2.25;2;2.75;3;3;2;2.5;2.5;2.6875;2.3125;2.4375;2.8125;2.5625;2.625
284;3;3.5;2.5;3;2.5;2.75;2.5;3.5;3;2.75;2.75;2.25;2.5;2.25;2.5;3.25;2.75;2.5;3;3.75;2.25;2.75;3;2.75;2.75;3;2.8125;2.6875;2.625;3;2.6875
285;2.5;3.75;3.5;2.5;3;2.5;2.75;2.5;2.5;3;3.75;3;2.5;2.75;1.5;3;3;3;2.25;3.5;2.5;3;1.75;3.25;2.25;3.0625;2.6875;3.0625;2.4375;2.9375;2.625
286;3;3;2.5;2;3;2.5;2.5;2.75;2.75;3.25;2.5;3.25;3;4;1.75;2.25;2.5;3;3.5;3.5;3.5;2.5;2;3.5;3.75;2.625;2.6875;2.9375;2.75;3.125;2.875
287;2.75;4;3.75;3;2.5;2.75;2.5;2;2.75;1.75;2.5;3;2.75;2.75;2.75;3.25;3;2.75;2;3.75;3;2.25;2.25;2.5;3.5;3.375;2.4375;2.5;2.875;2.875;2.5
288;2.75;3;3.25;3.5;3.25;2.75;2.5;2.25;3;3;3.25;2.75;2.75;2.75;2.75;3;3;3.25;3;3.75;2.75;3.75;2.5;2.25;3.25;3.125;2.6875;3;2.8125;3.25;2.8125
289;3;3.75;2.5;2.75;3.5;3.5;2.75;3.5;2.25;3.75;2.75;3;3;2.5;3.5;2.75;3.5;2.75;2.75;2.75;2;2.75;3;3;3;3;3.3125;2.9375;2.9375;2.9375;2.6875
290;3.25;3.5;2.75;3;3.25;3;2.75;2.5;2.75;3.5;3.75;3;3;3.25;2.5;2.75;3.75;3;2.75;3.25;3;2.5;2.75;3.25;2.75;3.125;2.875;3.25;2.875;3.1875;2.875
291;3.5;2.5;2.5;2;3.5;2.25;2.25;2.75;2.5;3.25;2.5;2.75;2.5;2.5;2.75;3;2;2.5;2.5;2.75;2;2.25;1.75;1.75;2.25;2.625;2.6875;2.75;2.6875;2.4375;1.9375
292;2.75;3.5;3.25;2.5;3.75;2.75;2;2.5;2.5;3.5;4;3.5;2.5;3;3;3.5;2.75;2.5;3.25;2.75;1.5;3.5;2.5;3.5;2.25;3;2.75;3.375;3;2.8125;2.75
293;2.75;3.25;4.25;3;2.75;2.5;3;2.5;2.5;3.25;3.75;3.25;2.5;2.75;3.25;3.25;2.75;3.25;3.25;3.5;3;2;2.25;4.25;3;3.3125;2.6875;3.1875;2.9375;3.1875;2.875
294;2.25;2;2.25;3;2.75;3;3.5;3.25;2.5;3.25;4;2.75;3.25;3.5;2.25;3;2.5;1.75;2.5;3.25;2.5;3;3;2.5;2.75;2.375;3.125;3.125;3;2.5;2.75
295;2.75;3.5;3.25;3.25;2.5;3;2.25;2.75;3.5;3;2.75;3.25;3;3;2.5;3;3;3.25;2.5;3.25;2;2;2.5;2;2.75;3.1875;2.625;3.125;2.875;3;2.125
296;3.25;3.75;2.5;3.75;3.25;2;3;2.25;2.5;3.5;2.75;3.25;2.5;2.5;2.5;2.25;2.75;2.5;3.5;3.5;2.25;3.75;2.75;3.25;2.75;3.3125;2.625;3;2.4375;3.0625;3
297;2.75;2.5;3.5;2.5;2;2.25;2.5;2;2.25;3.25;3.25;3;2;2;2.5;2.75;2.5;2.75;2.25;3.25;3.75;3;2.75;2.5;2.25;2.8125;2.1875;2.9375;2.3125;2.6875;3
298;2.5;2.5;2;2;2.75;2.25;2.25;2.5;2.5;2.5;2;2.5;2.25;2.75;2.25;2.5;2.5;2.5;2;3;2.25;2.75;2.25;2.5;3.25;2.25;2.4375;2.375;2.4375;2.5;2.4375
299;2.75;4.25;3;3;2.75;2;2.75;2.25;3;3.5;3;2.75;2.25;2.75;2.75;2.5;3.25;2.25;2.25;3.75;2.5;3.25;2.75;3;3.5;3.25;2.4375;3.0625;2.5625;2.875;2.875
300;2.75;3;3.25;3;3.25;3;3;3.25;3.25;3.75;2.25;3.5;3;3.75;3.25;3.5;3.25;3.25;3.25;3.5;3.25;3.25;3.5;3;3.25;3;3.125;3.1875;3.375;3.3125;3.25
301;2.75;2.75;3.25;2.75;3;2.75;3.25;3.25;3;2.5;2.25;3;2.75;2.25;2.25;2.5;3;3;2.5;3.75;2.75;3;3.25;3;3.25;2.875;3.0625;2.6875;2.4375;3.0625;3
302;3;3.75;3.75;2.75;3;2.25;2.25;3.5;2;3.25;3.25;2.75;3.5;3;2;3;3.75;2;1.75;3.25;1.75;2.75;3;2.5;4.75;3.3125;2.75;2.8125;2.875;2.6875;2.5
303;3;2.75;2.75;2.75;3.75;2.25;2.75;2.5;2.25;3;3.25;2.75;3;3;2.25;2.75;3.5;3.5;2.25;3.25;3.25;3;2.75;2.5;3.25;2.8125;2.8125;2.8125;2.75;3.125;2.875
304;2.75;4.25;2.25;3.5;2.25;2;2;3;1.75;3;3;2.75;3.25;3;2.75;3.5;3.25;2.5;3.25;2.5;1.75;3;2.75;3.25;3;3.1875;2.3125;2.625;3.125;2.875;2.6875
305;3;2.75;3;3.5;3.25;3;2.75;3;3.25;3;2.25;3.75;3;3.25;2.75;2.5;3;3.5;2.75;3.75;2.25;3.5;3.25;3;2.5;3.0625;3;3.0625;2.875;3.25;3
306;3.5;2.75;3.5;3.25;3.25;2.75;1.75;2.25;2.25;3;2;2.75;2.5;2.5;2.75;3.5;2;2.5;3.25;2.75;3;2.75;2.5;2.75;3.25;3.25;2.5;2.5;2.8125;2.625;2.75
307;3;3.5;2.75;3;2.75;2.75;3;3;2.75;2.75;3;3;2.5;3;2.25;2.75;2.75;2.75;2.75;3;2.25;3.25;3.25;2.75;3;3.0625;2.875;2.875;2.625;2.8125;2.875
308;2.75;4.25;3.75;3;3;2.5;3;2.25;2.75;2.75;3.5;2.5;2.75;3.5;2.25;2.5;3.25;2.75;2.75;4;2;3;3;4;3;3.4375;2.6875;2.875;2.75;3.1875;3
309;2.75;3;3.75;3;2.75;2.25;3;2.5;3;3.5;2.5;3;2;2.25;2.5;2.75;3.25;2.75;2.75;3.25;2.5;3.25;3.5;2.25;3;3.125;2.625;3;2.375;3;2.875
310;2.75;4;3.5;3.25;3.75;3;3;2.25;3.25;3;2.75;3.25;2.25;2.75;3.5;3.25;3;4;3;3.75;3.5;2.5;2.5;2.75;3.75;3.375;3;3.0625;2.9375;3.4375;2.8125
311;2.75;3;3.25;2.5;3.25;2.75;2.75;2.75;3;2.75;2.5;2.5;3.25;3.25;3;3.25;3;3;2.5;2.75;2.75;2.5;3.25;2.75;2.25;2.875;2.875;2.6875;3.1875;2.8125;2.8125
312;3;3.75;3.25;2.5;3;2.5;2.25;1.75;2;2.5;3;2.75;2.25;2.75;2;4.25;2.5;1.5;2.5;3;4;2.75;2.25;3;2.75;3.125;2.375;2.5625;2.8125;2.375;3
313;2.75;3.75;3.25;3.25;3.25;3.25;2.75;2;2.5;3.75;4.25;3.5;2.25;3.5;2.5;3;1.75;2.75;2.75;2.75;3.75;2.25;3;2.75;2.5;3.25;2.8125;3.5;2.8125;2.5;2.9375
314;2.25;2.5;2.5;1.75;2.5;2.25;1;2;1.5;2;2;1.75;2.5;1.75;3;3;1.5;2.25;3;2.25;2.25;3;2.75;3.25;2;2.25;1.9375;1.8125;2.5625;2.25;2.8125
315;3.75;3.25;2;2;3.25;3;3.5;2.75;2.75;2.25;1.75;1.5;2;2.75;2.5;3;1.75;2.25;2.5;2.75;3.25;3;1.5;3;2.25;2.75;3.125;2.0625;2.5625;2.3125;2.6875
316;3;3;3.75;2.75;3.5;2.75;3;4;2.5;3.5;3.75;3.25;2.5;3;2.5;2.75;3;2.25;3.25;3;2.25;2.25;4;3;3.25;3.125;3.3125;3.25;2.6875;2.875;2.875
317;2.75;3.75;3.5;2.75;3;3;3;2.5;2.5;2.75;3.5;3;2.75;2.75;3.25;3.25;3.25;3;2.5;3.5;3.5;3;2.25;3.5;3.5;3.1875;2.875;2.9375;3;3.0625;3.0625
318;3.25;3.75;4.25;4;2.5;2.5;2.75;2.75;2.75;2.75;3.25;3;2.25;3;3;3;3;2.75;2.5;4;2.25;3.25;2.25;2.75;2.75;3.8125;2.625;2.9375;2.8125;3.0625;2.625
319;2.5;4.75;3.5;2.75;2.5;2.25;2.5;1.75;1.75;3.25;4;3;2;2.25;3;3.75;3;3;3;3.75;2.25;2.75;2.75;3.5;3.5;3.375;2.25;3;2.75;3.1875;2.8125
320;3.75;2.5;1.75;2.75;3;2.25;3;3.75;3.5;3.25;3.75;3.5;3;3.75;4.25;3.75;4;3;2.5;2.75;3;3;2.5;3.5;1.25;2.6875;3;3.5;3.6875;3.0625;3
321;3;3.25;2.5;2.75;2.75;3;2.75;3.25;3;3.25;3.75;2.75;3;3;2.25;3;2.5;2.5;2.75;2.75;3.5;2.75;2.25;3.25;3;2.875;2.9375;3.1875;2.8125;2.625;2.9375
322;2.5;3;2.25;2.75;3;3.25;2.75;4;2.25;2;3.75;3.75;3;3.75;2;3.75;3;3;2.5;3;3.25;2.5;2.75;3.25;3.5;2.625;3.25;2.9375;3.125;2.875;2.9375
323;3;4.5;4.5;4.25;2;2;3;3.5;2.25;3;4;2.75;3;3.25;2.25;3.5;1.5;2;3.25;2.5;2;3;3;3;2.25;4.0625;2.625;3;3;2.3125;2.75
324;2.75;1.5;2;2;3.75;2.25;2.25;2;2;3;1.5;3.25;1.75;2.25;1.5;2.75;3.25;3;2;3.25;2.75;4.5;2.75;2.25;2.25;2.0625;2.5625;2.4375;2.0625;2.875;3.0625
325;2.75;3.25;3;3.25;3.5;2.75;3;2.75;3.5;3;3;3.25;2.75;3.5;2.25;3.5;2;2.75;2.5;3.5;3.25;3.25;2.75;3.25;2.75;3.0625;3;3.1875;3;2.6875;3.125
326;2.75;2.5;2.5;2.5;2.5;3;2.5;3.5;2.25;2.75;1.5;2.75;2.5;2.75;3.5;2.5;3;2.5;3;3.5;2.75;3;2.75;3.5;2;2.5625;2.875;2.3125;2.8125;3;3
327;3.25;3;2.75;2.75;2.75;2.75;2.75;1.75;2.5;3.75;2.75;2.5;2.25;3.25;2;2.5;2;2.5;1.75;3.25;2;3;1.75;3.75;2.75;2.9375;2.5;2.875;2.5;2.375;2.625
328;2.5;3.75;3.25;3;3;2.25;2.75;2;2.25;2.75;1.25;2.75;2;1.5;3.75;3;3;2.75;2;3.5;2.75;3;3;3.5;5;3.125;2.5;2.25;2.5625;2.8125;3.0625
329;3.25;3;3;3.25;3.5;2.75;2;2.75;2.5;3;3;3.5;2.25;2.5;3.5;2.75;2.5;2.5;2.75;2;2.75;3.25;2.5;2;3.25;3.125;2.75;3;2.75;2.4375;2.625
330;3.25;3;3.25;2.75;2.75;2.25;2.75;3.75;2.75;3;3.25;2.5;2.75;2.5;2.75;3;3;3;3;3.25;2.5;4;2.5;2.25;3.5;3.0625;2.875;2.875;2.75;3.0625;2.8125
331;3.25;2.5;4;2.75;3;2.75;3.5;3.5;2.75;2.75;3.75;3;3;3.25;3;4;3.25;3;2.75;3.25;2.5;3.25;2.75;3.25;3;3.125;3.1875;3.0625;3.3125;3.0625;2.9375
332;2;4.25;2.25;3.5;3.75;1.5;3;2.75;3.25;2.25;2.25;3;3.25;2.25;2;2.5;2.5;3;3.25;3;4;2.5;3.5;2.75;2.75;3;2.75;2.6875;2.5;2.9375;3.1875
333;2.25;4;1.5;3;1.25;1.75;2;2.25;3;2.75;2.25;3.25;1.75;2.75;3.75;3.25;3;3;1.5;3.25;2;2.5;2.25;2.25;3;2.6875;1.8125;2.8125;2.875;2.6875;2.25
334;3;2.5;4;3;3;2;3;2.25;2;2.5;3.5;2.25;2.25;2;3;3;3.75;3.25;2;3.75;3;4.25;2.75;3;3.25;3.125;2.5625;2.5625;2.5625;3.1875;3.25
335;3;3.5;2.5;2.5;3;3;2.75;2.5;2.25;2.5;3;2.25;1;2.75;3.25;3;2.75;3;2.75;3.25;2.75;2.25;3.25;3;2.25;2.875;2.8125;2.5;2.5;2.9375;2.8125
336;2.5;3.75;2.25;2.75;3.25;2.5;2.75;2.5;3;3.25;3.25;3;3;3.25;3;3;3.25;3;1.75;2.75;2.75;3.25;2.5;2.5;3.25;2.8125;2.75;3.125;3.0625;2.6875;2.75
337;2.5;3.75;2;3;3;2;2;2.75;3;2.25;2;3;2.5;2.5;2.75;3.5;3.25;2.75;2.25;3.5;2.25;2.25;2.75;2.75;3.5;2.8125;2.4375;2.5625;2.8125;2.9375;2.5
338;2.75;3;3.5;3.25;3;2.75;2.75;2;2.25;3;3.5;3;2.5;3.25;2.5;3.75;2.75;3.25;2;4;2.25;3.5;3;3.5;2.25;3.125;2.625;2.9375;3;3;3.0625
339;3.25;1.75;2;3;2.75;3;2.5;2;2.5;2.25;3.5;2.5;2.5;2;2.5;3.25;2.25;2.25;2.25;3.5;2.5;2.75;2.25;2.25;3.25;2.5;2.5625;2.6875;2.5625;2.5625;2.4375
340;3.25;3;2.75;3;3.5;2.75;3;2.5;2.75;3.5;3;3;2.25;3;2.5;3.5;3;2.75;3;3.25;2.75;3.75;2.5;3.5;3.25;3;2.9375;3.0625;2.8125;3;3.125
341;3.75;3.25;2.5;3.5;3.75;2.75;3;2.75;2.25;3.25;3.5;2.75;2;2.75;3.75;3.25;3.25;3;3.25;3.5;3.5;3.75;3;2.75;3.25;3.25;3.0625;2.9375;2.9375;3.25;3.25
342;2.75;4;3.5;3.5;2.25;2.5;3.5;2.75;3;3.5;2.5;3.5;2.5;2.75;3.25;3.75;2.75;2.75;3.25;4;3.5;3.75;2;2.5;2.5;3.4375;2.75;3.125;3.0625;3.1875;2.9375
343;2.5;3.75;2.25;3.5;3.75;3;2.5;2.75;2.25;3;2.25;2.75;3;3.25;2.5;3.75;3;3;3.5;3.25;3.5;3;2.5;3;3.5;3;3;2.5625;3.125;3.1875;3
344;3.5;2.5;2.5;3;2.5;2.25;2.5;1.75;2.75;2.5;2.75;3.25;3;2.25;1.5;3;3.25;2.75;2.25;4.25;2.25;3;2.75;2.75;3.25;2.875;2.25;2.8125;2.4375;3.125;2.6875
345;3.25;4;3.75;3.25;3;2.5;2.75;2.75;3;3.5;2.5;2.5;2.75;3.5;3.75;3.75;3.25;2.75;3.25;3.75;3.25;3;2.75;4;3;3.5625;2.75;2.875;3.4375;3.25;3.25
346;3;4;3.75;3;2;3;2.75;2.25;2;3;3.5;2.25;2.75;4;2.75;3.25;2.75;3;3.25;2.5;2.25;3.5;3;2.25;3.5;3.4375;2.5;2.6875;3.1875;2.875;2.75
347;2.5;4;3;2.5;1.5;2.25;1.75;2.75;2.5;3.5;3.25;3;2;2.5;2.75;2.75;2.75;3;1.25;3.5;2.25;3;3;3;2.75;3;2.0625;3.0625;2.5;2.625;2.8125
348;4;1.75;2.75;3.25;3;2.75;2.5;2.75;2;3.25;3;2.75;3.5;3.5;2.25;4;2.75;2.25;2.75;3.25;2.25;3;3;2.5;2.5;2.9375;2.75;2.75;3.3125;2.75;2.6875
349;2.25;3.5;3;3.5;2.75;2.25;2.25;2;1.75;2.75;2.25;2.75;2.75;2;2.5;2.5;3.25;2.25;2.25;3.25;3;2.5;2.25;3;3;3.0625;2.3125;2.375;2.4375;2.75;2.6875
350;3.25;3.5;3;2.5;3;1.75;2.5;3.25;2.75;3.5;4.75;3.75;3;4;2.5;2.5;3.5;2.75;3.5;3;4;4;2.5;3;4;3.0625;2.625;3.6875;3;3.1875;3.375
351;3.25;3.25;3.75;3.5;2.25;3;3;3;2.5;4;3.25;3;3.25;2.75;3;3.25;3;3.25;3.25;3.25;3;3.25;2.75;3.75;3;3.4375;2.8125;3.1875;3.0625;3.1875;3.1875
352;3.25;3;3;3.5;3.25;2;2.75;2.75;3;3;3.25;3;2.5;3;2;2.75;3.25;2.25;2;3.5;3;3.75;3.5;3.75;2.75;3.1875;2.6875;3.0625;2.5625;2.75;3.5
353;3;4;2.75;1.25;2;1;2.25;1;3.25;1;1.5;1.5;2;1.5;2;2.25;3.25;3;2.25;1.25;2.75;2;2.25;2.5;1.25;2.75;1.5625;1.8125;1.9375;2.4375;2.375
354;2.5;4;3.25;3;2.75;3;2.75;3.75;2.75;3;4;3;3;2.25;2;3.25;2.75;2.75;2.25;2.5;3;3.5;2.75;3;2.5;3.1875;3.0625;3.1875;2.625;2.5625;3.0625
355;2.5;3;2.5;3.5;2.75;2.5;2.75;2;2.25;3.5;2.75;3;2.5;2.25;2.75;3.25;2.5;2.75;2.75;3.25;2.75;3;2.25;3.25;3;2.875;2.5;2.875;2.6875;2.8125;2.8125
356;4.25;3.25;2.25;2.25;3.75;2;2;2.5;2.75;2.75;4;3.5;2.75;2.5;1.75;3.25;2;2.5;3;2.25;2.25;3;1.75;4;2.75;3;2.5625;3.25;2.5625;2.4375;2.75
357;2.75;3;4.5;2.5;2.75;2.75;2.5;2.75;2.75;3.25;3.25;3.25;3;3;3;3.25;2.25;3;2.25;3.5;3;2.5;3;3.5;2;3.1875;2.6875;3.125;3.0625;2.75;3
358;4;2.5;3.75;4;3.25;2.75;3;2.25;2.25;4;3.75;3.5;3;3.5;2.75;4;2.75;3.25;2.25;3.75;3.75;3.25;2.5;2.5;3.25;3.5625;2.8125;3.375;3.3125;3;3
359;2.25;3.75;2.5;2.25;2.75;2.5;2.5;2.25;2.25;3.75;3.5;3.25;2.5;3.25;2.5;3.25;2.5;2.25;2.5;3.25;2.5;2.25;2.25;3;2;2.6875;2.5;3.1875;2.875;2.625;2.5
360;3;4;4.25;3;3;3.5;3;2.75;2.5;3;4;3.5;3;3.75;2.75;3.25;3.5;2.5;2.5;4;3;2.5;2.75;3;2.75;3.5625;3.0625;3.25;3.1875;3.125;2.8125
361;2;2.25;2;1.75;3.5;2;2.5;4;2.25;3.25;3.25;4;2.5;2.75;3.5;2.5;3.5;2.75;3.25;3.25;2.5;2.5;2;2.5;2.5;2;3;3.1875;2.8125;3.1875;2.375
362;3;3.75;3.5;2.75;3;3.25;3;3;3.5;3;3.25;3;2.5;2.75;2.75;2.75;3;3.25;2.75;3.5;2.75;3.75;3.5;3;3.25;3.25;3.0625;3.1875;2.6875;3.125;3.25
363;3;3.5;4.25;3.25;3;3;2.25;1.75;2.25;3.25;2;2.75;2.5;3.25;2;3.5;2.25;2;3;3;2.75;2.75;3.25;3.5;2.75;3.5;2.5;2.5625;2.8125;2.5625;3.0625
364;2.75;3;3.25;2.5;2.75;3;3.25;2.75;3;3.5;3;2.75;2.5;2.5;2.75;2.75;2.25;2.5;2.75;3.5;2.75;2.75;2.5;2.75;2.75;2.875;2.9375;3.0625;2.625;2.75;2.6875
365;2.25;4;2.75;2.5;3;3;3.25;2.75;2.5;3.25;3.25;3;2.75;3.75;3.75;3.5;3;2.5;2.25;4;3.25;3;3;4;3.25;2.875;3;3;3.4375;2.9375;3.3125
366;2.75;1.75;3.5;3.25;2.5;3.25;3.25;3;2.25;4;1.75;3;4;2.5;3.25;2.25;3;4.5;3.5;2.5;4;2.5;3.75;3.25;3;2.8125;3;2.75;3;3.375;3.375
367;3;2.25;3.5;3.75;3.25;2;3;3.75;3;2.75;2.25;4;3.5;3.25;2.5;2.75;3.25;3;3;3;3;3.25;2.75;3.25;3;3.125;3;3;3;3.0625;3.0625
368;1.75;4;3;2.5;3;2.25;2.5;1.5;2.5;3;4;3.75;2.25;2.5;2.75;3;3;2.25;2.25;3.5;2.5;2.5;2.75;3.25;2.5;2.8125;2.3125;3.3125;2.625;2.75;2.75
369;2.5;3.25;4;2.25;3.25;3;2.75;2.25;3;2.75;2.5;2.5;2.5;3.25;3;2.75;2.75;3.25;2.25;4;1.75;3;2.75;3.5;4;3;2.8125;2.6875;2.875;3.0625;2.75
370;3;3;3;3;2.5;3;2.75;3;2.25;3;4.25;3.5;3;2.5;2.75;3.25;3;2.25;2;3.5;3.5;3.25;2.5;2.5;2.5;3;2.8125;3.25;2.875;2.6875;2.9375
371;3.25;2.25;1.75;3;2.5;2.75;2.5;3.25;3;3.25;3.25;3.5;2.5;2;2.75;3.25;3.75;2.75;2.75;4.25;2.5;1.5;3.5;2.75;3.25;2.5625;2.75;3.25;2.625;3.375;2.5625
372;2.5;4;4;3.25;2.75;2;3.25;2.75;2.5;2.75;3;2;3;3;2.75;2.5;2.25;3.25;3;4;2.5;3;2.75;3.5;2;3.4375;2.6875;2.5625;2.8125;3.125;2.9375
373;2.25;3.5;3;3.25;2.25;2.75;3;2.5;2;2.75;3.25;2.5;1.75;3;1.75;3;3;2.75;2.25;2.75;2.75;3;2.5;3.25;2.25;3;2.625;2.625;2.375;2.6875;2.875
374;3;2.25;2.75;3;2.5;2.5;2.75;3.75;2.75;2.5;2.25;3;2.75;2.5;3.25;2.25;3;2.75;2.25;3;2.25;3.25;3;3;2.75;2.75;2.875;2.625;2.6875;2.75;2.875
375;3.25;3.25;2.25;2.5;3;2.25;3;3.25;2.75;3.5;3.25;3;2.25;2.5;2.5;3;2.25;3;2.5;3.25;2.75;2.75;2.5;3.25;3;2.8125;2.875;3.125;2.5625;2.75;2.8125
376;3;3.25;2.75;3.25;2.75;2;3;3.25;2.25;2;3;4;2.5;2.5;2.75;3.75;3;2.25;2.25;4;2.75;3;3;3;3.75;3.0625;2.75;2.8125;2.875;2.875;2.9375
377;3;4;3.75;3.25;3.25;3.25;2.25;2.25;2.5;3.75;3.25;1.75;2.5;2.75;3;2.75;2.75;2;2.5;3.5;2.75;2.75;2.25;3.25;3;3.5;2.75;2.8125;2.75;2.6875;2.75
378;3;4.5;3.25;3;3.5;2.5;3.25;2.75;2.75;3;3.25;2.75;2.25;3;3.5;3.5;3;2.5;2;3.5;3;3.75;2.5;3;3;3.4375;3;2.9375;3.0625;2.75;3.0625
379;2.25;1;2.25;2.75;1.5;3;1.75;1.5;2.5;2.5;2.5;2.5;2.75;1.5;2.5;3.75;3;2.5;2;3.25;3;3;1.25;3.75;1.75;2.0625;1.9375;2.5;2.625;2.6875;2.75
380;3.25;4;3.75;3;3.25;2;3;3.25;2.25;3.25;3.25;2.75;2.25;3;2.5;4;3.25;3;3;3.75;2.75;3;3;2.75;4;3.5;2.875;2.875;2.9375;3.25;2.875
381;2;3.25;3.75;3.25;3;1.5;2.5;2.5;3;2.25;3.25;2.25;2.5;2.5;3.75;3;3;3;2;4.25;2;3.75;3;4.25;3.25;3.0625;2.375;2.6875;2.9375;3.0625;3.25
382;3;4.25;3.5;3.5;3.25;3;2.5;2.5;2.5;2.75;3.5;3;2.5;2.75;3;3;3.25;3;2.75;2.75;3.25;3;3;3;3.25;3.5625;2.8125;2.9375;2.8125;2.9375;3.0625
383;3.25;2.5;2.5;3.25;2.5;3.5;2.25;2.25;3.25;3;2.25;2.75;3;3.5;2.5;3.25;3;3;2.75;2.75;3.25;2.75;2.75;3.25;2.75;2.875;2.625;2.8125;3.0625;2.875;3
384;2.75;3.75;2.75;3.5;2.75;2.5;3;2.5;2.75;2.5;1.75;2.5;2.5;2;2.25;3.25;3;2.75;3.5;2.75;2.75;3.25;2.75;3.25;3.25;3.1875;2.6875;2.375;2.5;3;3
385;3.75;4;3.25;3;2.5;3;2.25;2.75;2.5;2.75;3.25;3;2;2.5;3.5;3.5;2;3;2;3.75;3;3;3;3.5;2.25;3.5;2.625;2.875;2.875;2.6875;3.125
386;2.25;3.25;2.75;1.5;2.75;2;2.25;2;2.5;3;1.25;3;2.75;2.25;3;2.5;2.25;3.25;2.5;2.75;2.75;2.5;2;1.75;2;2.4375;2.25;2.4375;2.625;2.6875;2.25
387;4;3;2.5;2.75;2.75;3;2.75;2.75;3;2.25;3.5;3;2.5;1.5;2.75;2.75;2.25;2.25;3;3.5;2.75;3;2.25;2.75;2.75;3.0625;2.8125;2.9375;2.375;2.75;2.6875
388;4.25;4;3.25;3.5;2.5;2.25;2.25;2.25;2.25;3.25;3.25;2.75;3.25;3;3.75;3.25;2.75;3;2.75;3;2.5;2.75;2.75;3.25;2.75;3.75;2.3125;2.875;3.3125;2.875;2.8125
389;2.5;3.5;3.75;2;3.25;2.5;2.5;2;2.25;2.5;1.75;2.25;2;2.5;2.25;2.5;3;2.5;2.25;3.25;3;3;3;3.25;2.5;2.9375;2.5625;2.1875;2.3125;2.75;3.0625
390;3.5;2.5;1.75;2.75;2.75;2.5;2.5;1.75;2.5;3;4.25;3.25;2.75;3.25;2.25;3.25;3;3;2;3.5;2.75;3;3;3.5;3;2.625;2.375;3.25;2.875;2.875;3.0625
391;3;2.5;2;3.75;3.25;4;2.5;2.5;3;2.25;3.75;2.5;2;2.5;3.75;2.5;3;3;3;3;3;2;2.5;2.5;2.5;2.8125;3.0625;2.875;2.6875;3;2.5
392;2.75;3.75;3.75;3.25;2.5;3.25;2.25;2.25;2;3;2.25;2.75;3.5;1.5;2.25;3;2.25;3;2.75;3.25;2.75;2.25;2.75;3.25;3.25;3.375;2.5625;2.5;2.5625;2.8125;2.75
393;3;3.75;3.75;3.25;3;3;2.75;2.5;2.5;2.75;3;2.75;2.75;3.25;2;3;2.75;2.75;2.75;2.75;2.25;4.25;2.75;3;3.25;3.4375;2.8125;2.75;2.75;2.75;3.0625
394;2;3.5;3.5;2.75;3.25;3;2.5;3.5;2.25;3.5;3.75;3;3;2.5;2.5;3;2.5;2.5;2;2.5;3;3;2.5;2.5;3;2.9375;3.0625;3.125;2.75;2.375;2.75
395;2.75;3.5;3.5;2.75;3.75;3.25;3;2.5;2.5;3;3;3;3;2.25;3;3.25;3;2.75;3;3.5;3.25;3;2.5;2.5;3;3.125;3.125;2.875;2.875;3.0625;2.8125
396;2.75;3.25;2.5;3;2.75;2.25;2.75;2.5;3.5;3.5;2.75;3;3;2.75;2.5;3.25;3.75;3.25;3;2.75;2.25;3.5;2.5;3.5;3.25;2.875;2.5625;3.1875;2.875;3.1875;2.9375
397;2.25;4;3.25;3;2.75;2.75;2;2.5;3;3.5;2.75;3.25;2.25;3.25;3;3;2.75;2.75;3;3.5;3.25;3.25;2.75;3.5;3.5;3.125;2.5;3.125;2.875;3;3.1875
398;4;3.5;2.5;3;3;2.75;3.25;2.5;2;2.5;3.25;2.5;2.25;3;2.5;3;2.75;3;2.75;3.5;2.5;3;2.75;2.75;3;3.25;2.875;2.5625;2.6875;3;2.75
399;2.25;2.75;2.75;2.25;3;2.75;3;2.75;2.75;3.25;3;3;2.75;3;3.25;3.75;2;2;2.25;3.5;2.75;2.75;3;3;1.5;2.5;2.875;3;3.1875;2.4375;2.875
400;2;3.25;2.75;2.25;2.75;2.75;2;3.25;2.5;4;3.25;2.5;3;2.75;2.5;3.75;3.25;2.5;2.5;2.5;4;3;2.75;2;2.5;2.5625;2.6875;3.0625;3;2.6875;2.9375
401;3.25;3;3.25;2.75;2.75;2.75;3;3.25;2.5;3;3.5;3.75;3;3;3.25;3.25;2.75;3;3;3.5;2.5;3.5;3;3.25;3;3.0625;2.9375;3.1875;3.125;3.0625;3.0625
402;2.5;4.25;2.5;2.75;2.5;3.25;2.75;2.75;3;3.25;2.25;3;3;2.75;2.5;4;3;3;2.25;3.75;3.25;2;2.5;3.25;3.5;3;2.8125;2.875;3.0625;3;2.75
403;3.25;2;4.75;4;2;1.5;1.5;2.25;3;4;2;2;4.25;2.25;4;3;3;2;2;3.25;3.25;2.5;4;4;2.5;3.5;1.8125;2.75;3.375;2.5625;3.4375
404;3;5;3.5;4;3;4;1.5;2.5;1.75;3.75;3.25;3;3.5;1.75;3.5;1.75;2.25;2.5;3.25;4;3;2;2.25;4.25;3;3.875;2.75;2.9375;2.625;3;2.875
405;3;3.5;3;2.5;3.25;3;2.75;2.25;2.5;3.75;3.5;3.25;2.5;2.75;3.25;3.25;3.25;3;3;3.25;3;3;3;2.75;3.25;3;2.8125;3.25;2.9375;3.125;2.9375
406;2;3.75;3.25;2.5;3.5;1.75;1.75;2.5;2.5;3.5;3.25;3.25;2;2.5;3.25;3.75;3;2.75;3.5;2.25;3.5;3.25;2.75;3.5;1.75;2.875;2.375;3.125;2.875;2.875;3.25
407;2.25;2;3.25;2.25;3;2.75;2.75;2;2.75;3.5;3.75;3;2.25;3.25;3.25;3.75;3.5;2.25;3.75;2.75;3.25;3.75;3;2.5;3.75;2.4375;2.625;3.25;3.125;3.0625;3.125
408;3;3.75;2.5;3.25;2.5;3.5;2.75;3;3.25;3;2.5;3.5;3;3;3.5;2.5;3;2.75;2.75;3.5;3;2.25;3;3;2.75;3.125;2.9375;3.0625;3;3;2.8125
409;3.5;1.75;1.75;2.75;3;2.75;2.5;2.5;3;3;2.25;2.5;2;2.25;2;1.5;3.5;3;3;2.5;2.5;2.5;2.5;2.75;2.5;2.4375;2.6875;2.6875;1.9375;3;2.5625
410;3.75;3.5;3.25;3.5;3.25;2.25;2.75;2.75;3;3;3.25;2.75;2.75;3;2.25;2.75;3;3.25;3;3.25;2.75;2.5;3;3.25;2.75;3.5;2.75;3;2.6875;3.125;2.875
411;3.5;3.25;2.75;2.75;2.75;3;3;2.5;3.25;2.5;2;3;2.5;3;2.5;2.75;2.5;2.75;3;2.75;2.25;2.5;2.25;3.25;2.5;3.0625;2.8125;2.6875;2.6875;2.75;2.5625
412;1.75;2.5;2.25;2.75;2;2.5;2.75;2.25;2.25;2.5;2.5;2.5;2.5;2.75;1.5;2;2;3;2.5;3.25;3.25;3.5;3;3;2.5;2.3125;2.375;2.4375;2.1875;2.6875;3.1875
413;2.75;4.25;2.75;2.75;3.5;1;3;2.5;2.5;3;3;3.5;2.5;2.25;2.25;1.5;3.25;2;3;2;3.25;3;3;2.75;3;3.125;2.5;3;2.125;2.5625;3
414;3.5;2;2.5;3.75;3;3;2;2.25;2.5;3.75;3;3.25;2.25;3;2.25;2.75;3.25;2.75;3.25;3;3.25;3.25;2.75;3;3;2.9375;2.5625;3.125;2.5625;3.0625;3.0625
415;2.5;3.75;3;2;2;1.75;2.25;2;3;2.75;1.75;1.75;3;2.25;2.5;2.5;2.25;3;2.75;1.5;2;3.5;2.25;3.5;2;2.8125;2;2.3125;2.5625;2.375;2.8125
416;3;3.25;2.25;3;2.75;3;2.5;2.5;3;2.75;2.5;3;2.5;2.75;2.5;3.25;2.75;3;2.75;3;2.5;2.75;3.25;2.75;3.5;2.875;2.6875;2.8125;2.75;2.875;2.8125
417;3;2.75;2.75;3.25;2;2;2.5;2.5;3.25;2.75;2.5;2.25;2.25;3;2.5;2.5;2.75;2.75;2.75;4.25;2.75;2.75;2.5;2.5;2.75;2.9375;2.25;2.6875;2.5625;3.125;2.625
418;3.25;3;4.25;3;3.5;2.25;2.75;2.75;2;4.25;1.75;3.5;2.25;3;3.25;3.75;3.25;2.75;3.5;4;3;2.25;3;2.75;3;3.375;2.8125;2.875;3.0625;3.375;2.75
419;2.75;2.5;2.75;2.5;3;2.5;2.25;2.5;3.25;2.75;2.75;3.25;2.75;2.75;2.25;3;3.25;2.5;2.25;3.25;3.25;3;2.75;2.5;3;2.625;2.5625;3;2.6875;2.8125;2.875
420;2.75;3;3.75;3;2.75;3;2.75;2.5;2.25;3;3.25;3;2.25;2.75;2.25;2.75;2.75;2.5;3;3;3;3.5;2.75;3.75;3.25;3.125;2.75;2.875;2.5;2.8125;3.25
421;3;3.25;4;3;3;3.5;2.75;2.5;2.5;3.5;3.25;3;3.25;2.75;3.25;3;3;3.25;2.5;3.75;2;2.75;3;4.25;3.5;3.3125;2.9375;3.0625;3.0625;3.125;3
422;3;4;3.25;2.75;2.75;3.25;2.5;2.25;3;3.5;3.25;2.75;3;2.75;2.25;2.75;2.5;2.25;2.5;3.5;2.25;3.25;2.5;3;3;3.25;2.6875;3.125;2.6875;2.6875;2.75
423;3.75;3;3;3.25;2.5;3;2.75;2.5;2.5;3.25;3.5;3;2.75;2.5;2.75;3.25;2.5;2.25;3;2.75;2.75;2.5;2.25;3.25;3.25;3.25;2.6875;3.0625;2.8125;2.625;2.6875
424;3.5;3;2.75;3.25;3.5;2.75;2.75;3;2.75;3.25;3.25;2.75;2.75;3.75;3;3.25;2.75;3;2.75;3.25;2.25;3;2.75;3.25;3.25;3.125;3;3;3.1875;2.9375;2.8125
425;3.25;2.75;3.5;2.75;2.75;2.25;3;3.5;2.75;3;3.5;3;2.75;3;2;3.25;2.5;3.25;2.5;3.5;3.25;3.25;3.25;2.75;4.25;3.0625;2.875;3.0625;2.75;2.9375;3.125
426;2.5;2.5;2.5;2.5;3;1.75;2.5;2.5;2.5;1.75;2.75;3;2;2.5;3.5;3.5;2.75;3;3.5;2.75;2.25;2;3;2.75;3;2.5;2.4375;2.5;2.875;3;2.5
427;3;1.5;3.5;3;2.75;3;2.25;3.25;2.5;3;2;3.25;3;3;3.25;3.25;3.25;3.75;2.75;3.25;3;2.5;2.75;2.5;3;2.75;2.8125;2.6875;3.125;3.25;2.6875
428;2.5;2.5;2.25;3;3.75;2.25;3.5;3.25;2.5;3.75;3.75;4;2.75;3;3;3;2.75;3;3.5;4;1.5;3;2.75;3.5;2.5;2.5625;3.1875;3.5;2.9375;3.3125;2.6875
429;2.5;3.25;2.5;3.25;2.5;3;3;2.5;2.75;3.25;3.25;2.75;2.75;3;3;3.5;3;2.75;3;3;2;3.25;3.25;3.5;3.25;2.875;2.75;3;3.0625;2.9375;3
430;3;4.25;2.5;2.75;3.25;2;2;2.5;2.75;2;2.75;2.5;3;2.5;1.75;3;3.25;3;2;2.75;2.25;2.25;2.25;2.5;2.5;3.125;2.4375;2.5;2.5625;2.75;2.3125
431;2.75;4;2.25;3;3;2.75;2.25;2.25;2.25;2.5;2.5;2.75;2.75;3;2;2.25;1.5;2.25;2.75;3.5;2.25;2.25;2.5;2.75;2.75;3;2.5625;2.5;2.5;2.5;2.4375
432;4;3.75;2.25;2.75;3.75;2.25;2.75;3.25;2.75;4;2.5;3.25;3;3.5;2.25;3.5;3.5;3.5;2.5;3.5;3;3.75;2.5;3;3.5;3.1875;3;3.125;3.0625;3.25;3.0625
433;2.75;2.5;2.75;3;2.25;1.75;1.75;2;2;2;3;2.5;2;2.5;2.5;2.5;2.25;1.75;3;2.5;2;3.25;3.25;3.25;1.5;2.75;1.9375;2.375;2.375;2.375;2.9375
434;3.25;2;4;3.5;3;1.75;3.25;4;2.75;2.25;2.5;3.25;2;3.5;2;3.25;3;2.75;3;3.25;3.25;3;3.25;3.75;3;3.1875;3;2.6875;2.6875;3;3.3125
435;4;3.25;4;3.25;3.75;3.5;2.25;3;3.25;3.75;3;3.25;2.25;2.25;2.75;2.75;3.75;3;4.5;3;3.25;3;2;3.5;3.25;3.625;3.125;3.3125;2.5;3.5625;2.9375
436;3.5;2.5;4.25;3;2;3;2.25;3;2.5;3.5;4.25;3.5;3;2.75;4.25;3.5;2.5;3.25;3.75;3;2.5;3.25;3;2.5;3.5;3.3125;2.5625;3.4375;3.375;3.125;2.8125
437;3.25;3;1.75;2.75;2.75;3;2.25;2;2.5;3.5;3.25;3.5;3;2.75;2.75;3.25;3;2.5;2.75;3.5;2.25;3.5;3;2.5;3.5;2.6875;2.5;3.1875;2.9375;2.9375;2.8125
438;3.25;2.75;4;3.25;2.25;2.5;2.75;2.75;2.5;2.25;4;2.25;2.25;2.5;3;2.5;3;2.5;2.25;4;2.25;4;3.25;3.5;2.75;3.3125;2.5625;2.75;2.5625;2.9375;3.25
439;2.75;3.25;2.75;2.5;3.25;2.25;2.25;3.5;3.25;3;2.75;2.75;3;2.75;2.25;2.75;3.25;2.75;3.5;3.75;2.25;3.25;3;2.75;3;2.8125;2.8125;2.9375;2.6875;3.3125;2.8125
440;3;3.5;3.25;3;3;3;3;2.5;3;2.75;2.5;2.75;2.75;2.5;2.75;3.25;3;3;2.5;3.5;3;2.75;2.75;3.5;3;3.1875;2.875;2.75;2.8125;3;3
441;2.75;3.75;4;3;3.5;3;3.25;2.25;2.75;3.25;3.75;3;3;3.5;2.25;3.25;3;2.75;3;3.5;2.5;3;3.25;2.5;3.25;3.375;3;3.1875;3;3.0625;2.8125
442;2.75;3.25;3.25;2.5;3.25;2;2.5;2.25;2.75;2.75;3;3;2;2.75;1.5;3.75;2.75;2.75;3.25;2.75;3.25;3;2.75;2.75;3;2.9375;2.5;2.875;2.5;2.875;2.9375
443;4;4.25;1.75;2;2.5;2.5;3;2.25;3;2.5;3.25;3.25;2;2.75;2.75;4;3;3;2.25;3.75;2.25;3.5;2.75;2.5;3;3;2.5625;3;2.875;3;2.75
444;3.5;2.75;2.75;3;3.25;2.75;2.5;2.5;2.5;2.5;3.25;3;3;2.25;2.75;2.75;3;3;2.75;2.5;2.75;3;2.75;3;2.75;3;2.75;2.8125;2.6875;2.8125;2.875
445;2.25;4;3.75;3;3.25;2.75;2.75;2;2.5;3;3.5;2.25;2;3.75;3;3;2;2.75;2.75;3.5;2.5;3.5;2.75;3.25;3.25;3.25;2.6875;2.8125;2.9375;2.75;3
446;3.25;2.5;2.75;3;3.5;3.25;2.5;3;2.75;2.75;2.75;3;2.25;3.5;2.25;2.75;3.5;3.5;3.75;3.5;4;2.25;2.5;3.25;3;2.875;3.0625;2.8125;2.6875;3.5625;3
447;3.75;2.5;3;3.5;3.75;2.75;3.25;3;3;3.75;3.25;3.5;2.5;2;3;3;2.75;3.25;3.75;3.75;2;3;3.25;2.5;3.25;3.1875;3.1875;3.375;2.625;3.375;2.6875
448;3.25;2.75;4;3.5;3;3.25;3;3.5;3.5;3.5;4;3.5;3.25;3.5;2.25;3;3;2.25;2.5;3;3;3;2.5;3;3.25;3.375;3.1875;3.625;3;2.6875;2.875
449;3;3.5;3;2.75;3.25;3;2.75;1.75;3;3.25;4;3.5;2.5;3.25;2.75;3;3.5;3;3.25;4;3;2.75;2.5;2.5;3.5;3.0625;2.6875;3.4375;2.875;3.4375;2.6875
450;3.25;3.25;3.25;3;3;3;2.5;2.5;3.5;3.5;2.75;3.25;2.75;3;3.5;3.75;3;3.75;3.75;3;3;3.5;3.5;3.25;3.5;3.1875;2.75;3.25;3.25;3.375;3.3125
451;3.5;4.25;4.5;4.25;3;3;3.25;3;3.5;4;4;3.5;3.25;3.5;2;2.75;3.5;3;3;4.25;2.75;3;3;2.75;4;4.125;3.0625;3.75;2.875;3.4375;2.875
452;3.25;3;3;3.25;2.25;2.25;2.75;2.25;3;3;2;2.75;1.75;3;2.75;3;2.5;2.75;3;3;2.75;2.75;3;3.5;3.5;3.125;2.375;2.6875;2.625;2.8125;3
453;2.75;3.75;3;3;3.5;3;3.25;2;2;2.5;1.75;3;2.25;2.75;2.75;3.25;3;2.75;3;3.25;2.75;2.75;3;3.25;3.5;3.125;2.9375;2.3125;2.75;3;2.9375
454;3;2.5;2.5;3;3.25;2.25;3.25;3.25;2.75;3;3.5;3.5;2.75;2.75;3.25;3;3.25;3;2.75;3.5;2.25;2.5;2.5;3.25;2.5;2.75;3;3.1875;2.9375;3.125;2.625
455;3;3.75;3.5;2.75;3.25;3;2.75;2.75;3;3.5;3.25;3.25;2.75;3;2.25;3;3.25;3;2.5;3.5;2.75;3.5;2.75;3;3.25;3.25;2.9375;3.25;2.75;3.0625;3
456;3.25;3.75;3.25;2.5;3.25;2.25;2.5;2.75;2.25;2.5;3.25;3.25;2.75;3.25;2.5;2.75;3;2.75;2.75;4;3;3.25;2.75;3.25;2.5;3.1875;2.6875;2.8125;2.8125;3.125;3.0625
457;3;4;2.75;3;3.5;2.5;3;2.25;3;3;2.25;3;2.75;2.75;3.25;3.5;3;3.5;2.25;4;3.25;2.75;2.75;3.75;3;3.1875;2.8125;2.8125;3.0625;3.1875;3.125
458;3;3.25;3.25;3;2.25;2.5;2.75;3;3;2.25;2.5;2.75;2.5;2.75;2.25;2.75;3.25;3.75;2.75;3.5;2.25;2.75;2.5;3;2.5;3.125;2.625;2.625;2.5625;3.3125;2.625